date,open,close,high,low,volume,code
2023-06-26,1.042,1.0350000000000001,1.043,1.04,377798,159501
2023-06-26,1.058,1.0,1.06,1.01,4243413,159507
2023-06-26,0.777,0.76,0.78,0.769,2210303,159601
2023-06-26,0.779,0.759,0.779,0.768,220661,159602
2023-06-26,0.887,0.87,0.893,0.871,49371,159603
2023-06-26,0.778,0.7559999999999999,0.78,0.766,17322502,159605
2023-06-26,0.821,0.8,0.822,0.808,149389,159606
2023-06-26,0.778,0.754,0.78,0.765,6119059,159607
2023-06-26,0.671,0.66,0.679,0.663,187713,159608
2023-06-26,0.706,0.7080000000000001,0.716,0.698,270619,159609
2023-06-26,0.836,0.8100000000000002,0.836,0.822,367172,159610
2023-06-26,0.915,0.9359999999999999,0.93,0.913,3332165,159611
2023-06-26,1.18,1.1769999999999998,1.184,1.18,94139,159612
2023-06-26,1.041,0.9619999999999999,1.041,1.006,155315,159613
2023-06-26,0.851,0.828,0.851,0.823,506893,159615
2023-06-26,0.763,0.751,0.764,0.752,33364,159616
2023-06-26,1.068,1.04,1.068,1.055,18886,159617
2023-06-26,0.973,0.974,0.987,0.961,91314,159618
2023-06-26,0.986,0.9569999999999999,0.992,0.979,378263,159619
2023-06-26,0.95,0.9270000000000002,0.951,0.939,5326,159620
2023-06-26,0.967,0.9440000000000001,0.967,0.956,17045,159621
2023-06-26,0.911,0.884,0.911,0.881,236824,159622
2023-06-26,0.891,0.864,0.891,0.876,45814,159623
2023-06-26,1.072,1.0859999999999999,1.086,1.07,268473,159625
2023-06-26,1.031,1.011,1.031,1.021,7892,159627
2023-06-26,1.037,1.0,1.038,1.019,670291,159628
2023-06-26,0.941,0.9105079847908747,0.942,0.925,3422233,159629
2023-06-26,1.07,1.051,1.073,1.06,47078,159630
2023-06-26,0.938,0.9170000000000001,0.939,0.926,121031,159631
2023-06-26,1.253,1.2439999999999998,1.256,1.252,1481393,159632
2023-06-26,0.948,0.9163794326241135,0.948,0.931,4361175,159633
2023-06-26,1.056,1.025,1.061,1.048,195053,159635
2023-06-26,0.84,0.8170000000000001,0.841,0.821,3695472,159636
2023-06-26,0.753,0.742,0.761,0.741,823115,159637
2023-06-26,0.87,0.851,0.87,0.855,581447,159638
2023-06-26,0.789,0.781,0.794,0.78,173917,159639
2023-06-26,0.79,0.782,0.796,0.782,187092,159640
2023-06-26,0.802,0.7929999999999999,0.808,0.793,217237,159641
2023-06-26,0.798,0.791,0.804,0.79,102024,159642
2023-06-26,0.796,0.7749999999999999,0.803,0.778,296997,159643
2023-06-26,0.903,0.884,0.905,0.887,82911,159645
2023-06-26,0.8,0.7810000000000001,0.8,0.783,40359,159646
2023-06-26,1.17,1.14,1.174,1.153,917740,159647
2023-06-26,0.874,0.8540000000000001,0.877,0.859,75364,159652
2023-06-26,0.968,0.9500000000000001,0.968,0.967,1273,159653
2023-06-26,1.146,1.139,1.15,1.144,34533,159655
2023-06-26,0.913,0.9009999999999999,0.925,0.903,42161,159656
2023-06-26,0.834,0.819,0.834,0.821,26689,159657
2023-06-26,1.231,1.152,1.231,1.183,384210,159658
2023-06-26,1.195,1.192,1.201,1.195,44618,159659
2023-06-26,1.196,1.19,1.199,1.196,99767,159660
2023-06-26,0.962,0.946,0.968,0.961,290960,159662
2023-06-26,1.085,1.035,1.085,1.047,200620,159663
2023-06-26,1.095,1.048,1.101,1.057,739045,159665
2023-06-26,0.927,0.915,0.937,0.925,2742,159666
2023-06-26,1.05,1.018,1.055,1.03,628884,159667
2023-06-26,0.991,1.005,1.005,0.991,89393,159669
2023-06-26,0.985,0.9609999999999999,0.987,0.977,10612,159670
2023-06-26,0.844,0.8269999999999998,0.852,0.831,359374,159671
2023-06-26,0.912,0.886,0.912,0.9,114146,159672
2023-06-26,0.9,0.874,0.901,0.881,161227,159675
2023-06-26,0.93,0.909,0.934,0.914,98333,159676
2023-06-26,1.043,1.0169999999999997,1.045,1.03,758356,159677
2023-06-26,0.971,0.936,0.971,0.951,97069,159678
2023-06-26,0.958,0.9329999999999999,0.958,0.945,216913,159679
2023-06-26,1.053,1.023,1.053,1.037,344621,159680
2023-06-26,0.938,0.9069999999999999,0.938,0.913,587849,159681
2023-06-26,0.925,0.8990000000000001,0.928,0.905,2362681,159682
2023-06-26,0.944,0.9260000000000002,0.95,0.941,102444,159683
2023-06-26,1.02,0.9889999999999999,1.02,1.004,138897,159685
2023-06-26,1.096,1.0680000000000003,1.096,1.063,23062,159687
2023-06-26,0.888,0.856,0.888,0.869,970871,159688
2023-06-26,0.905,0.8849999999999999,0.908,0.899,150853,159689
2023-06-26,0.956,0.9430000000000001,0.956,0.945,427332,159691
2023-06-26,0.961,0.9259999999999999,0.961,0.945,310699,159692
2023-06-26,1.156,1.091,1.156,1.112,69070,159695
2023-06-26,0.941,0.9340000000000002,0.948,0.936,198536,159697
2023-06-26,0.825,0.783,0.825,0.8,81233,159701
2023-06-26,0.79,0.776,0.794,0.775,63381,159703
2023-06-26,0.736,0.7180000000000001,0.737,0.726,101749,159706
2023-06-26,0.805,0.7820000000000001,0.811,0.796,535153,159707
2023-06-26,0.757,0.7360000000000001,0.758,0.749,223938,159708
2023-06-26,0.918,0.87,0.918,0.891,25928,159709
2023-06-26,0.677,0.667,0.687,0.671,6687,159710
2023-06-26,0.968,0.948,0.968,0.962,2010,159711
2023-06-26,0.917,0.8960000000000001,0.918,0.91,8026,159712
2023-06-26,0.761,0.754,0.769,0.753,286137,159713
2023-06-26,0.679,0.6700000000000002,0.684,0.67,226085,159715
2023-06-26,0.773,0.7509999999999999,0.773,0.76,32885,159716
2023-06-26,0.861,0.844,0.861,0.855,504,159717
2023-06-26,0.753,0.7419999999999999,0.761,0.741,100960,159718
2023-06-26,1.296,1.282,1.31,1.291,95098,159719
2023-06-26,0.71,0.694,0.715,0.698,84143,159720
2023-06-26,0.763,0.739,0.763,0.746,28321,159721
2023-06-26,0.727,0.718,0.747,0.721,82461,159723
2023-06-26,1.043,0.9389999999999998,1.043,0.985,35018,159725
2023-06-26,0.841,0.826,0.85,0.835,39281,159726
2023-06-26,1.08,0.9700000000000001,1.088,1.017,28403,159728
2023-06-26,0.767,0.7109999999999999,0.767,0.733,23675,159729
2023-06-26,0.908,0.8949999999999999,0.91,0.895,97754,159730
2023-06-26,0.702,0.6969999999999998,0.71,0.7,7558,159731
2023-06-26,0.703,0.673,0.703,0.678,167901,159732
2023-06-26,0.786,0.751,0.786,0.761,38171,159733
2023-06-26,0.635,0.6239999999999999,0.64,0.63,289941,159735
2023-06-26,0.873,0.847,0.874,0.862,376001,159736
2023-06-26,1.188,1.115,1.195,1.168,53252,159738
2023-06-26,1.317,1.196,1.317,1.266,253903,159739
2023-06-26,0.538,0.526,0.542,0.534,5130092,159740
2023-06-26,0.54,0.526,0.543,0.536,766706,159741
2023-06-26,0.552,0.537,0.554,0.546,1772119,159742
2023-06-26,0.91,0.8869999999999999,0.91,0.895,18975,159743
2023-06-26,0.702,0.688,0.707,0.695,654844,159745
2023-06-26,0.525,0.5144928092042186,0.53,0.522,384034,159747
2023-06-26,0.635,0.615,0.635,0.613,285797,159748
2023-06-26,0.776,0.762,0.795,0.771,300991,159750
2023-06-26,0.725,0.71,0.73,0.717,41881,159751
2023-06-26,0.673,0.668,0.679,0.665,123627,159752
2023-06-26,0.816,0.808,0.828,0.806,2045768,159755
2023-06-26,0.663,0.656,0.672,0.654,474414,159757
2023-06-26,0.928,0.8889999999999999,0.928,0.91,48801,159758
2023-06-26,0.701,0.684,0.701,0.686,127325,159760
2023-06-26,0.639,0.63,0.645,0.63,298540,159761
2023-06-26,0.626,0.616,0.627,0.616,7247,159763
2023-06-26,0.919,0.887,0.931,0.909,2467234,159766
2023-06-26,0.663,0.6530000000000001,0.668,0.652,36034,159767
2023-06-26,0.744,0.721,0.747,0.732,400097,159768
2023-06-26,0.797,0.768,0.798,0.778,4186,159769
2023-06-26,0.899,0.87,0.903,0.88,244059,159770
2023-06-26,0.799,0.758,0.799,0.771,43912,159773
2023-06-26,0.688,0.68,0.697,0.681,21495,159775
2023-06-26,1.036,1.019,1.039,1.011,535828,159776
2023-06-26,0.772,0.7379999999999999,0.772,0.746,1313,159777
2023-06-26,0.931,0.875,0.931,0.897,8955,159778
2023-06-26,0.691,0.666,0.694,0.676,103059,159779
2023-06-26,0.582,0.567,0.582,0.568,693081,159780
2023-06-26,0.576,0.565,0.578,0.563,1248640,159781
2023-06-26,0.579,0.566,0.58,0.567,259620,159782
2023-06-26,0.585,0.57,0.585,0.571,909858,159783
2023-06-26,0.819,0.7719999999999999,0.821,0.789,275685,159786
2023-06-26,0.778,0.763,0.783,0.77,76832,159787
2023-06-26,0.94,0.9239999999999999,0.94,0.932,1341,159788
2023-06-26,0.808,0.78,0.814,0.799,16065,159789
2023-06-26,0.708,0.7039999999999998,0.714,0.699,973349,159790
2023-06-26,0.903,0.882,0.903,0.896,3010,159791
2023-06-26,0.633,0.616,0.638,0.622,9037034,159792
2023-06-26,0.941,0.8780000000000001,0.941,0.908,12223,159793
2023-06-26,0.925,0.866,0.925,0.885,95582,159795
2023-06-26,0.764,0.759,0.777,0.754,237417,159796
2023-06-26,0.93,0.9199999999999999,0.934,0.922,114541,159797
2023-06-26,0.966,0.945,0.968,0.956,65958,159798
2023-06-26,1.092,1.043,1.092,1.054,665554,159801
2023-06-26,1.315,1.242,1.315,1.273,2120,159804
2023-06-26,1.366,1.223,1.379,1.289,339008,159805
2023-06-26,1.992,1.959,2.013,1.959,912146,159806
2023-06-26,1.174,1.1340000000000001,1.174,1.146,236963,159807
2023-06-26,0.852,0.8229999999999998,0.852,0.829,22666,159808
2023-06-26,0.896,0.868,0.896,0.874,35833,159810
2023-06-26,1.162,1.088,1.162,1.114,129100,159811
2023-06-26,1.058,1.0099941262848753,1.058,1.02,2749435,159813
2023-06-26,0.863,0.8366958637469587,0.863,0.845,575451,159814
2023-06-26,1.021,0.9349999999999999,1.022,0.98,4692110,159819
2023-06-26,0.989,0.961,0.991,0.974,53893,159820
2023-06-26,0.835,0.81,0.835,0.815,785,159821
2023-06-26,0.642,0.6249999999999999,0.643,0.632,68985,159822
2023-06-26,0.705,0.6890000000000001,0.706,0.699,8731,159823
2023-06-26,0.997,0.983,1.007,0.982,241490,159824
2023-06-26,0.752,0.744,0.755,0.744,1285004,159825
2023-06-26,0.794,0.7840000000000001,0.798,0.784,19991,159827
2023-06-26,0.545,0.5269999999999999,0.546,0.53,1808977,159828
2023-06-26,0.656,0.6339999999999999,0.656,0.637,35080,159835
2023-06-26,0.846,0.817,0.846,0.828,29969,159836
2023-06-26,0.535,0.519,0.535,0.52,815313,159837
2023-06-26,0.667,0.6490000000000001,0.667,0.652,195111,159838
2023-06-26,0.455,0.439,0.455,0.439,733910,159839
2023-06-26,0.649,0.642,0.658,0.641,1233440,159840
2023-06-26,0.816,0.785,0.816,0.801,1925845,159841
2023-06-26,0.856,0.824,0.856,0.84,401624,159842
2023-06-26,0.786,0.762,0.789,0.776,362496,159843
2023-06-26,0.706,0.6836670458854759,0.708,0.695,7656432,159845
2023-06-26,0.498,0.48199999999999993,0.52,0.484,586645,159847
2023-06-26,0.723,0.699,0.723,0.711,53159,159848
2023-06-26,0.568,0.5519999999999999,0.568,0.553,87502,159849
2023-06-26,0.641,0.6250000000000001,0.641,0.634,274379,159850
2023-06-26,1.293,1.1769999999999998,1.293,1.236,219672,159851
2023-06-26,1.129,1.031,1.129,1.086,1289515,159852
2023-06-26,0.946,0.9090000000000001,0.946,0.925,63738,159853
2023-06-26,1.062,0.9530000000000001,1.062,0.999,100191,159855
2023-06-26,0.645,0.603,0.645,0.623,183222,159856
2023-06-26,1.018,1.021,1.036,1.009,1579147,159857
2023-06-26,0.653,0.633,0.656,0.633,149139,159858
2023-06-26,0.481,0.466,0.482,0.465,3175737,159859
2023-06-26,1.099,1.092,1.106,1.082,239961,159861
2023-06-26,0.832,0.807,0.834,0.823,23128,159862
2023-06-26,1.208,1.2065082174462705,1.22,1.187,239220,159863
2023-06-26,0.762,0.7639999999999999,0.774,0.754,468762,159864
2023-06-26,0.686,0.678,0.69,0.678,2052879,159865
2023-06-26,0.972,0.9520000000000001,0.986,0.972,921971,159866
2023-06-26,0.69,0.682,0.695,0.681,622550,159867
2023-06-26,1.645,1.452,1.66,1.529,9000210,159869
2023-06-26,0.673,0.666,0.68,0.666,807730,159870
2023-06-26,1.053,1.029,1.057,1.035,76836,159871
2023-06-26,0.981,0.914,0.981,0.938,31863,159872
2023-06-26,0.711,0.6980000000000001,0.712,0.703,87721,159873
2023-06-26,0.668,0.664,0.676,0.659,813552,159875
2023-06-26,1.084,1.06,1.088,1.067,16928,159876
2023-06-26,0.747,0.7329999999999999,0.748,0.74,41073,159877
2023-06-26,1.021,0.998,1.023,1.002,61432,159880
2023-06-26,0.987,0.9689999999999999,0.995,0.974,362466,159881
2023-06-26,0.608,0.597,0.608,0.599,904533,159883
2023-06-26,1.095,1.0955048409405255,1.107,1.085,118354,159885
2023-06-26,0.939,0.9319999999999999,0.947,0.927,251727,159886
2023-06-26,0.88,0.866,0.891,0.878,770685,159887
2023-06-26,1.047,1.0000000000000002,1.049,1.025,430739,159888
2023-06-26,0.919,0.879,0.925,0.9,96190,159889
2023-06-26,1.412,1.274,1.412,1.351,225010,159890
2023-06-26,0.566,0.555,0.569,0.559,22360,159891
2023-06-26,0.577,0.564,0.579,0.563,3152468,159892
2023-06-26,0.867,0.837,0.883,0.846,29997,159895
2023-06-26,0.821,0.779,0.821,0.795,31803,159896
2023-06-26,0.617,0.609,0.619,0.61,462419,159898
2023-06-26,1.082,0.986,1.082,1.037,364285,159899
2023-06-26,5.934,5.774698845750263,5.948,5.838,524591,159901
2023-06-26,3.883,3.751338762214983,3.883,3.802,16169,159902
2023-06-26,1.33,1.287,1.33,1.299,49542,159903
2023-06-26,1.942,1.892,1.949,1.924,233214,159905
2023-06-26,0.985,0.9560000000000001,0.986,0.961,48786,159906
2023-06-26,1.558,1.507,1.562,1.535,718782,159907
2023-06-26,2.057,1.9889999999999999,2.057,2.011,76140,159908
2023-06-26,6.909,6.468195266272189,6.909,6.556,220679,159909
2023-06-26,2.049,1.997,2.049,2.023,8000,159910
2023-06-26,1.513,1.4719999999999998,1.516,1.487,5626,159912
2023-06-26,2.055,2.0139999999999993,2.063,2.033,4999,159913
2023-06-26,2.206,2.138,2.208,2.155,7175166,159915
2023-06-26,4.491,4.412000000000001,4.491,4.453,46,159916
2023-06-26,1.955,1.8800000000000001,1.962,1.918,5005,159918
2023-06-26,1.793,1.7551658240647117,1.797,1.774,1153515,159919
2023-06-26,1.211,1.179582593250444,1.211,1.2,2954151,159920
2023-06-26,7.072,6.8267936098112,7.072,6.924,860904,159922
2023-06-26,1.706,1.665,1.706,1.678,1387,159923
2023-06-26,1.941,1.892,1.945,1.914,4115,159925
2023-06-26,3.812,3.716,3.82,3.764,4027895,159928
2023-06-26,1.535,1.4970000000000003,1.535,1.504,450590,159929
2023-06-26,1.13,1.122,1.146,1.128,176502,159930
2023-06-26,1.453,1.403,1.453,1.425,12432,159931
2023-06-26,2.175,2.127,2.175,2.175,98,159933
2023-06-26,4.308,4.306,4.316,4.301,190103,159934
2023-06-26,1.869,1.828,1.87,1.849,2427,159935
2023-06-26,1.71,1.679,1.718,1.689,18739,159936
2023-06-26,4.348,4.348000000000001,4.359,4.345,341557,159937
2023-06-26,1.48,1.446,1.48,1.45,1367190,159938
2023-06-26,1.27,1.1939999999999997,1.27,1.224,3215981,159939
2023-06-26,0.913,0.885,0.915,0.905,11038,159940
2023-06-26,3.316,3.288,3.324,3.312,4213205,159941
2023-06-26,13.59,13.283186619718313,13.696,13.413,68077,159943
2023-06-26,0.974,0.938,0.974,0.942,12670,159944
2023-06-26,0.949,0.939,0.957,0.944,173670,159945
2023-06-26,2.437,2.357,2.437,2.376,34789,159948
2023-06-26,0.958,0.928,0.96,0.932,6839208,159949
2023-06-26,1.335,1.2949999999999997,1.339,1.305,1393411,159952
2023-06-26,0.71,0.699,0.715,0.706,33134,159954
2023-06-26,1.367,1.342,1.368,1.346,696,159956
2023-06-26,1.447,1.402,1.447,1.413,24965,159957
2023-06-26,1.325,1.281,1.325,1.287,20495,159958
2023-06-26,1.405,1.365,1.41,1.387,110297,159959
2023-06-26,0.803,0.7884879089615932,0.806,0.793,34206,159960
2023-06-26,1.725,0.0,1.725,1.706,58,159961
2023-06-26,1.429,1.383,1.429,1.395,12796,159964
2023-06-26,1.346,1.317,1.346,1.332,7729,159965
2023-06-26,1.517,1.476618556701031,1.517,1.486,135415,159966
2023-06-26,2.016,1.9248901303538175,2.019,1.954,2663969,159967
2023-06-26,7.222,6.956,7.222,7.053,14511,159968
2023-06-26,1.249,1.221,1.249,1.23,9752,159969
2023-06-26,4.927,4.837000000000001,4.931,4.88,339,159970
2023-06-26,1.537,1.4899999999999998,1.537,1.514,25810,159971
2023-06-26,1.379,1.3440000000000003,1.379,1.345,340,159973
2023-06-26,1.498,1.4449999999999998,1.5,1.472,77841,159974
2023-06-26,5.84,5.6899999999999995,5.84,5.75,57719,159975
2023-06-26,1.0,0.979,1.003,0.995,7090,159976
2023-06-26,2.309,2.235,2.309,2.249,225251,159977
2023-06-26,1.471,1.428,1.471,1.446,61370,159982
2023-06-26,1.1,1.078,1.104,1.091,972,159983
2023-06-26,1.022,0.9959999999999999,1.026,1.012,9141,159984
2023-06-26,1.527,1.468,1.527,1.495,10610,159987
2023-06-26,1.241,1.21,1.241,1.224,22349,159990
2023-06-26,1.304,1.2667982261640796,1.309,1.278,177818,159991
2023-06-26,0.838,0.8119999999999999,0.839,0.814,4661019,159992
2023-06-26,0.964,0.928,0.965,0.947,539814,159993
2023-06-26,0.916,0.857,0.916,0.884,854841,159994
2023-06-26,1.098,1.048,1.098,1.059,7061241,159995
2023-06-26,1.164,1.142,1.169,1.155,1333032,159996
2023-06-26,1.037,0.98,1.037,0.999,651942,159997
2023-06-26,1.12,1.03,1.126,1.082,1500421,159998
2023-06-26,1.392,1.3740000000000003,1.406,1.383,151,510010
2023-06-26,0.275,0.2693009922822492,0.276,0.272,11035,510020
2023-06-26,6.392,6.248,6.432,6.344,31185,510030
2023-06-26,3.198,3.142169929522318,3.207,3.175,5095436,510050
2023-06-26,2.045,2.0,2.051,2.026,14018,510060
2023-06-26,2.287,2.285,2.292,2.284,120,510090
2023-06-26,1.08,1.0582693813625688,1.083,1.07,723048,510100
2023-06-26,3.72,3.63,3.72,3.689,234,510110
2023-06-26,3.58,3.547,3.58,3.547,1937,510120
2023-06-26,5.481,5.349,5.481,5.42,630,510130
2023-06-26,7.02,6.792000000000001,7.02,6.852,898355,510150
2023-06-26,0.736,0.717,0.736,0.726,34304,510160
2023-06-26,3.18,3.12,3.184,3.136,16669,510170
2023-06-26,10.157,9.91580098779779,10.157,10.054,180790,510180
2023-06-26,3.447,3.3719999999999994,3.448,3.415,14241,510190
2023-06-26,1.015,0.9849999999999999,1.023,1.004,27571,510200
2023-06-26,4.79,4.689788571428572,4.795,4.75,1841109,510210
2023-06-26,5.975,5.830225872689939,6.01,5.94,549078,510230
2023-06-26,1.232,1.206,1.237,1.222,2815,510270
2023-06-26,2.01,1.9609999999999999,2.011,1.984,1720,510290
2023-06-26,4.535,4.4373624903524576,4.539,4.485,4893537,510300
2023-06-26,1.877,1.8340000000000003,1.88,1.855,1201597,510310
2023-06-26,4.659,4.55447261506814,4.659,4.602,829542,510330
2023-06-26,4.133,4.042000000000001,4.137,4.087,39856,510350
2023-06-26,1.398,1.365,1.398,1.379,40678,510360
2023-06-26,0.836,0.824,0.842,0.827,1194,510370
2023-06-26,1.074,1.054,1.074,1.072,123,510380
2023-06-26,4.59,4.493083665338646,4.594,4.543,15605,510390
2023-06-26,1.063,1.048,1.068,1.055,133628,510410
2023-06-26,1.988,1.9227070640540092,1.988,1.949,1667993,510500
2023-06-26,1.865,1.802,1.866,1.829,431716,510510
2023-06-26,6.268,6.115,6.268,6.197,883,510530
2023-06-26,1.521,1.467,1.521,1.49,189,510550
2023-06-26,1.374,1.327,1.374,1.363,136,510560
2023-06-26,0.908,0.905,0.914,0.908,151,510570
2023-06-26,7.36,7.13,7.36,7.21,387051,510580
2023-06-26,7.034,6.843125020060986,7.041,6.924,9727,510590
2023-06-26,3.131,3.0719999999999996,3.137,3.101,20270,510600
2023-06-26,4.324,4.2,4.328,4.276,125138,510630
2023-06-26,2.008,1.96,2.021,1.998,67623,510650
2023-06-26,2.519,2.4590000000000005,2.519,2.461,12538,510660
2023-06-26,2.516,2.4720000000000004,2.527,2.498,5158,510680
2023-06-26,3.303,3.2460000000000004,3.314,3.278,32754,510710
2023-06-26,1.062,1.04,1.063,1.051,487202,510760
2023-06-26,0.727,0.704,0.727,0.713,9114,510770
2023-06-26,1.116,1.0950000000000002,1.119,1.104,122367,510800
2023-06-26,0.831,0.8155488721804511,0.837,0.828,76435,510810
2023-06-26,2.775,2.724,2.782,2.753,34315,510850
2023-06-26,4.084,4.01484181568088,4.098,4.065,959552,510880
2023-06-26,0.859,0.843439601494396,0.862,0.853,3460736,510900
2023-06-26,0.828,0.81,0.829,0.82,30822,510990
2023-06-26,0.856,0.8260000000000001,0.859,0.842,6365525,512000
2023-06-26,1.736,1.688,1.74,1.692,15026197,512010
2023-06-26,1.815,1.7919999999999998,1.833,1.81,96167,512040
2023-06-26,1.884,1.824,1.893,1.86,3004263,512070
2023-06-26,1.491,1.451,1.491,1.471,45746,512090
2023-06-26,0.982,0.9462894037219901,0.982,0.962,5546871,512100
2023-06-26,1.449,1.41,1.449,1.413,350505,512120
2023-06-26,1.474,1.447,1.478,1.463,3739,512150
2023-06-26,1.431,1.3981401952085182,1.431,1.417,61730,512160
2023-06-26,1.311,1.2719999999999998,1.311,1.275,17363474,512170
2023-06-26,1.38,1.35,1.38,1.368,1857,512180
2023-06-26,1.719,1.689,1.72,1.709,9671,512190
2023-06-26,0.612,0.597,0.618,0.607,2553219,512200
2023-06-26,1.705,1.594,1.705,1.638,122430,512220
2023-06-26,1.556,1.526,1.559,1.542,2950,512260
2023-06-26,1.442,1.4089999999999998,1.444,1.427,26110,512280
2023-06-26,1.128,1.099,1.128,1.098,1076750,512290
2023-06-26,0.882,0.8620000000000001,0.882,0.872,5136,512320
2023-06-26,1.049,0.974,1.049,1.004,58730,512330
2023-06-26,1.442,1.446,1.476,1.442,877,512360
2023-06-26,1.293,1.261,1.293,1.279,104078,512380
2023-06-26,1.347,1.3301625000000001,1.347,1.347,10,512390
2023-06-26,1.04,1.021,1.046,1.023,804903,512400
2023-06-26,1.876,1.79,1.876,1.808,21050249,512480
2023-06-26,3.281,3.18,3.284,3.224,662878,512500
2023-06-26,1.67,1.6166437847866417,1.67,1.639,99244,512510
2023-06-26,1.492,1.4602598081952918,1.492,1.477,11304,512520
2023-06-26,1.208,1.194,1.223,1.208,32480,512530
2023-06-26,1.374,1.333,1.374,1.349,62101,512550
2023-06-26,1.314,1.288,1.318,1.298,441950,512560
2023-06-26,0.89,0.856,0.89,0.874,129500,512570
2023-06-26,1.225,1.224,1.239,1.212,156878,512580
2023-06-26,4.025,3.92,4.03,3.98,250236,512600
2023-06-26,1.802,1.7550000000000001,1.806,1.788,21095,512640
2023-06-26,1.01,0.974,1.01,0.989,49863,512650
2023-06-26,1.101,1.078,1.105,1.087,3152776,512660
2023-06-26,1.58,1.554,1.584,1.558,993352,512670
2023-06-26,1.131,1.104,1.132,1.114,2497813,512680
2023-06-26,2.296,2.2211218274111673,2.306,2.274,6401210,512690
2023-06-26,1.236,1.2183318700614578,1.251,1.234,663423,512700
2023-06-26,1.356,1.3339999999999999,1.356,1.336,3226088,512710
2023-06-26,1.471,1.35,1.475,1.418,961334,512720
2023-06-26,1.105,1.089,1.118,1.104,203099,512730
2023-06-26,1.153,1.1320000000000001,1.161,1.148,36286,512750
2023-06-26,2.126,2.034,2.13,2.05,7454005,512760
2023-06-26,1.471,1.4260000000000002,1.471,1.434,5224,512770
2023-06-26,1.073,1.057,1.086,1.071,1874986,512800
2023-06-26,1.235,1.217,1.244,1.226,677711,512810
2023-06-26,1.086,1.0700000000000003,1.098,1.085,233659,512820
2023-06-26,1.414,1.364,1.414,1.393,54,512870
2023-06-26,0.894,0.8609999999999999,0.896,0.878,11957626,512880
2023-06-26,1.822,1.772,1.83,1.806,671249,512890
2023-06-26,0.89,0.856,0.89,0.873,461278,512900
2023-06-26,1.132,1.109,1.135,1.12,247622,512910
2023-06-26,1.711,1.557641129032258,1.711,1.637,195724,512930
2023-06-26,1.318,1.276,1.318,1.296,666451,512950
2023-06-26,1.314,1.2743789808917199,1.314,1.295,226985,512960
2023-06-26,1.188,1.138,1.188,1.152,721,512970
2023-06-26,1.005,0.892,1.009,0.94,4376498,512980
2023-06-26,1.531,1.496,1.534,1.516,53329,512990
2023-06-26,1.297,1.272,1.314,1.296,376152,513000
2023-06-26,0.551,0.537,0.554,0.546,5271189,513010
2023-06-26,0.774,0.7560000000000001,0.776,0.764,635166,513020
2023-06-26,1.245,1.2270000000000003,1.251,1.245,99690,513030
2023-06-26,1.025,0.987,1.025,1.002,77693,513040
2023-06-26,1.028,1.0099999999999998,1.03,1.019,10196043,513050
2023-06-26,0.499,0.48799999999999993,0.501,0.488,20740469,513060
2023-06-26,1.001,0.9780000000000001,1.004,0.988,115354,513070
2023-06-26,1.503,1.48,1.513,1.503,62047,513080
2023-06-26,1.093,1.063,1.1,1.084,1595439,513090
2023-06-26,5.5,5.454999999999999,5.51,5.49,3764691,513100
2023-06-26,1.259,1.252,1.265,1.259,318860,513110
2023-06-26,0.818,0.8019999999999999,0.822,0.797,5318930,513120
2023-06-26,0.54,0.528,0.545,0.536,23074783,513130
2023-06-26,1.02,0.9990000000000001,1.028,1.018,1725,513140
2023-06-26,0.801,0.776,0.802,0.783,188555,513150
2023-06-26,0.788,0.761,0.788,0.77,364532,513160
2023-06-26,0.541,0.529,0.545,0.537,29473259,513180
2023-06-26,0.871,0.854,0.876,0.849,1140162,513200
2023-06-26,0.92,0.8909999999999999,0.926,0.901,149710,513220
2023-06-26,0.789,0.782,0.802,0.789,69639,513230
2023-06-26,1.034,1.002,1.034,1.021,211874,513260
2023-06-26,0.829,0.806,0.829,0.802,107531,513280
2023-06-26,1.102,1.092,1.109,1.095,78969,513290
2023-06-26,1.374,1.359,1.386,1.374,639349,513300
2023-06-26,1.212,1.185,1.218,1.181,159067,513310
2023-06-26,0.975,0.951,0.975,0.96,111524,513320
2023-06-26,0.431,0.41700000000000004,0.433,0.423,48285223,513330
2023-06-26,0.561,0.527,0.564,0.543,2122813,513360
2023-06-26,0.999,0.9720000000000001,1.002,0.988,532748,513380
2023-06-26,1.208,1.2050000000000003,1.215,1.208,135631,513390
2023-06-26,2.974,2.962,2.98,2.972,1205427,513500
2023-06-26,1.28,1.256,1.3,1.28,902697,513520
2023-06-26,1.123,1.1080000000000003,1.128,1.12,122294,513530
2023-06-26,0.82,0.7959999999999999,0.82,0.807,8386796,513550
2023-06-26,0.926,0.899,0.926,0.904,80493,513560
2023-06-26,0.543,0.531,0.549,0.54,1957856,513580
2023-06-26,0.714,0.706,0.731,0.714,16579,513590
2023-06-26,2.17,2.1070000000000007,2.17,2.139,202674,513600
2023-06-26,1.142,1.138,1.144,1.141,22054,513650
2023-06-26,2.236,2.179,2.277,2.204,2035963,513660
2023-06-26,0.779,0.7708959687906373,0.783,0.778,331368,513690
2023-06-26,0.527,0.516,0.529,0.514,1451018,513700
2023-06-26,0.781,0.758,0.786,0.768,3191220,513770
2023-06-26,1.247,1.229,1.257,1.243,50806,513800
2023-06-26,0.501,0.48900000000000005,0.501,0.493,650004,513860
2023-06-26,1.23,1.2019999999999997,1.255,1.23,229954,513880
2023-06-26,0.791,0.772,0.795,0.785,460511,513890
2023-06-26,0.849,0.8260000000000001,0.86,0.841,341162,513900
2023-06-26,1.019,1.004,1.031,1.019,37572,513950
2023-06-26,1.171,1.1439999999999997,1.191,1.154,258277,513960
2023-06-26,0.937,0.912,0.937,0.919,265829,513970
2023-06-26,0.503,0.49500000000000005,0.506,0.496,14636219,513980
2023-06-26,0.856,0.8320000000000001,0.856,0.841,11766,513990
2023-06-26,1.394,1.3109999999999997,1.394,1.34,680382,515000
2023-06-26,1.021,0.9829999999999999,1.022,1.002,104214,515010
2023-06-26,1.121,1.106,1.134,1.121,149397,515020
2023-06-26,1.536,1.517,1.553,1.514,2418978,515030
2023-06-26,1.116,1.041,1.116,1.076,1677503,515050
2023-06-26,0.793,0.772,0.8,0.786,360628,515060
2023-06-26,1.305,1.194,1.305,1.249,770697,515070
2023-06-26,1.641,1.6124206069160194,1.646,1.631,704006,515080
2023-06-26,1.159,1.133,1.161,1.154,15801,515090
2023-06-26,1.703,1.676,1.712,1.697,200112,515100
2023-06-26,1.311,1.284,1.314,1.297,76010,515110
2023-06-26,0.626,0.607,0.626,0.606,2646757,515120
2023-06-26,1.185,1.159,1.188,1.173,100750,515130
2023-06-26,1.276,1.241,1.276,1.255,44557,515150
2023-06-26,1.239,1.206,1.24,1.224,64217,515160
2023-06-26,0.703,0.684,0.707,0.697,1219885,515170
2023-06-26,1.426,1.4042823529411768,1.43,1.419,479190,515180
2023-06-26,1.226,1.2030000000000003,1.23,1.22,40,515190
2023-06-26,1.815,1.7249999999999999,1.832,1.76,34603,515200
2023-06-26,1.311,1.2913453355155484,1.314,1.302,355991,515210
2023-06-26,2.132,2.0949764174611136,2.135,2.112,1509933,515220
2023-06-26,1.13,1.03,1.133,1.082,1457078,515230
2023-06-26,0.936,0.8960000000000001,0.941,0.918,877004,515250
2023-06-26,0.789,0.753,0.792,0.765,241802,515260
2023-06-26,1.106,1.089,1.117,1.102,124657,515280
2023-06-26,0.953,0.939,0.964,0.951,863161,515290
2023-06-26,1.32,1.3040000000000003,1.336,1.319,69956,515300
2023-06-26,1.095,1.0740000000000003,1.098,1.085,49463,515310
2023-06-26,0.755,0.722,0.762,0.733,503471,515320
2023-06-26,1.053,1.029,1.054,1.039,33472,515330
2023-06-26,4.854,4.75,4.86,4.8,5583,515350
2023-06-26,5.056,4.959,5.056,5.021,43,515360
2023-06-26,4.181,4.096,4.194,4.14,208766,515380
2023-06-26,1.06,1.042,1.067,1.053,243170,515390
2023-06-26,1.141,1.042,1.141,1.094,1544666,515400
2023-06-26,1.456,1.4262748319641525,1.461,1.445,194400,515450
2023-06-26,3.215,3.123,3.216,3.168,45955,515530
2023-06-26,1.296,1.2730000000000001,1.296,1.277,205,515550
2023-06-26,0.815,0.785,0.816,0.8,98537,515560
2023-06-26,1.163,1.148,1.163,1.15,56,515570
2023-06-26,1.736,1.662,1.736,1.69,461227,515580
2023-06-26,1.478,1.44,1.478,1.461,1927,515590
2023-06-26,1.397,1.3509999999999998,1.397,1.375,232755,515600
2023-06-26,1.018,0.9950000000000001,1.032,1.015,31872,515630
2023-06-26,1.184,1.1549999999999998,1.189,1.173,587081,515650
2023-06-26,4.493,4.42,4.499,4.438,228,515660
2023-06-26,0.992,0.974,0.997,0.984,53828,515670
2023-06-26,1.406,1.3649999999999998,1.408,1.388,182595,515680
2023-06-26,2.005,1.9860000000000002,2.03,1.977,980629,515700
2023-06-26,0.737,0.7140000000000001,0.738,0.729,295323,515710
2023-06-26,1.422,1.355,1.422,1.384,173346,515750
2023-06-26,1.1,1.079,1.1,1.087,15844,515760
2023-06-26,1.138,1.112,1.138,1.127,114441,515770
2023-06-26,1.312,1.278,1.313,1.306,14055,515780
2023-06-26,1.211,1.215,1.232,1.198,5402890,515790
2023-06-26,1.105,1.075,1.105,1.089,693189,515800
2023-06-26,1.211,1.1809999999999998,1.212,1.197,55780,515810
2023-06-26,1.091,1.0489999999999997,1.091,1.07,289358,515850
2023-06-26,1.263,1.219,1.263,1.238,34575,515860
2023-06-26,1.361,1.2639999999999998,1.363,1.312,2308631,515880
2023-06-26,1.449,1.4213852140077823,1.452,1.437,99253,515890
2023-06-26,1.398,1.353,1.398,1.375,722333,515900
2023-06-26,0.618,0.6,0.619,0.609,142428,515910
2023-06-26,0.79,0.752,0.79,0.766,175380,515920
2023-06-26,1.172,1.139,1.172,1.146,298870,515950
2023-06-26,0.872,0.847,0.872,0.854,79312,515960
2023-06-26,1.142,1.041,1.142,1.09,724805,515980
2023-06-26,1.304,1.2769999999999997,1.304,1.289,54012,515990
2023-06-26,1.22,1.1049999999999998,1.22,1.166,102716,516000
2023-06-26,1.63,1.434,1.64,1.508,1925634,516010
2023-06-26,0.696,0.688,0.701,0.687,394573,516020
2023-06-26,0.717,0.676,0.717,0.691,268464,516050
2023-06-26,0.575,0.558,0.575,0.558,92369,516060
2023-06-26,1.066,1.062,1.078,1.054,265372,516070
2023-06-26,0.62,0.6009999999999999,0.62,0.602,129152,516080
2023-06-26,1.068,1.056,1.076,1.05,529452,516090
2023-06-26,1.063,0.98,1.063,1.025,20089,516100
2023-06-26,1.038,1.029,1.049,1.03,1196055,516110
2023-06-26,0.704,0.6959999999999998,0.709,0.694,314401,516120
2023-06-26,0.813,0.7960000000000002,0.817,0.806,84199,516130
2023-06-26,1.101,1.0820000000000003,1.106,1.083,362258,516150
2023-06-26,0.87,0.861,0.877,0.855,2421380,516160
2023-06-26,1.0,1.0020000000000002,1.016,0.991,98365,516180
2023-06-26,1.3,1.1600000000000001,1.306,1.217,25273,516190
2023-06-26,0.863,0.833,0.865,0.849,984446,516200
2023-06-26,0.888,0.901,0.925,0.888,601356,516210
2023-06-26,0.734,0.7270000000000001,0.739,0.724,433464,516220
2023-06-26,0.845,0.8049999999999999,0.845,0.82,13335,516260
2023-06-26,0.655,0.6549999999999998,0.666,0.65,156899,516270
2023-06-26,0.751,0.752,0.762,0.743,110672,516290
2023-06-26,1.081,1.044,1.081,1.061,198717,516300
2023-06-26,0.867,0.8519999999999999,0.875,0.863,165437,516310
2023-06-26,0.865,0.8569999999999999,0.873,0.855,65688,516320
2023-06-26,1.021,0.9709999999999999,1.021,0.994,21250,516330
2023-06-26,0.757,0.7169999999999999,0.757,0.725,210643,516350
2023-06-26,0.887,0.8739999999999999,0.893,0.872,100922,516360
2023-06-26,0.823,0.804,0.828,0.809,17003,516380
2023-06-26,0.825,0.814,0.834,0.814,222890,516390
2023-06-26,0.77,0.764,0.77,0.76,308,516480
2023-06-26,0.694,0.674,0.694,0.676,47002,516500
2023-06-26,1.37,1.2489999999999999,1.376,1.321,1601312,516510
2023-06-26,1.003,0.957,1.008,0.981,147192,516520
2023-06-26,0.831,0.8129999999999998,0.832,0.821,72166,516530
2023-06-26,0.683,0.672,0.684,0.676,102504,516550
2023-06-26,0.839,0.82,0.845,0.832,17756,516560
2023-06-26,0.761,0.751,0.763,0.753,43507,516570
2023-06-26,0.668,0.6630000000000001,0.677,0.661,181970,516580
2023-06-26,1.019,0.9970000000000001,1.026,1.002,95167,516590
2023-06-26,0.638,0.614,0.638,0.625,60856,516600
2023-06-26,0.621,0.61,0.622,0.614,81031,516610
2023-06-26,1.164,1.0540000000000003,1.172,1.104,150704,516620
2023-06-26,1.347,1.2379999999999998,1.361,1.307,145596,516630
2023-06-26,0.699,0.666,0.699,0.673,1008863,516640
2023-06-26,0.986,0.96,0.989,0.966,32521,516650
2023-06-26,0.949,0.9379999999999998,0.961,0.936,336868,516660
2023-06-26,0.737,0.728,0.741,0.729,420019,516670
2023-06-26,0.656,0.6449999999999999,0.657,0.645,38132,516690
2023-06-26,1.207,1.0880000000000003,1.207,1.154,126018,516700
2023-06-26,0.64,0.6300000000000002,0.644,0.628,30680,516710
2023-06-26,0.844,0.826,0.845,0.837,142183,516720
2023-06-26,0.803,0.7730000000000001,0.803,0.787,175852,516730
2023-06-26,0.782,0.765,0.785,0.772,362107,516750
2023-06-26,0.721,0.7129999999999999,0.724,0.71,124634,516760
2023-06-26,1.625,1.4440000000000002,1.65,1.52,379078,516770
2023-06-26,1.038,1.022,1.043,1.023,243884,516780
2023-06-26,0.718,0.703,0.719,0.707,49132,516790
2023-06-26,1.098,1.04,1.098,1.059,100218,516800
2023-06-26,0.739,0.73,0.741,0.73,117031,516810
2023-06-26,0.426,0.413,0.426,0.414,1379582,516820
2023-06-26,0.79,0.771,0.79,0.78,178394,516830
2023-06-26,1.034,1.025,1.044,1.019,24039,516850
2023-06-26,1.103,1.019,1.107,1.069,165017,516860
2023-06-26,1.003,1.005,1.018,0.991,273184,516880
2023-06-26,0.669,0.659,0.669,0.657,10295,516890
2023-06-26,0.763,0.742,0.767,0.756,88323,516900
2023-06-26,0.958,0.943,0.966,0.953,319512,516910
2023-06-26,0.681,0.65,0.681,0.657,220365,516920
2023-06-26,0.561,0.548,0.563,0.55,35272,516930
2023-06-26,1.085,1.053,1.092,1.075,524776,516950
2023-06-26,0.905,0.8970000000000001,0.912,0.892,67449,516960
2023-06-26,1.2,1.164,1.21,1.194,2460626,516970
2023-06-26,0.88,0.8480000000000001,0.88,0.865,2545,516980
2023-06-26,0.756,0.7409999999999999,0.756,0.744,59068,517000
2023-06-26,0.847,0.8280000000000001,0.848,0.841,57790,517010
2023-06-26,0.86,0.8419999999999999,0.86,0.85,71591,517030
2023-06-26,0.702,0.66,0.704,0.675,373149,517050
2023-06-26,0.762,0.7390000000000001,0.762,0.75,148155,517080
2023-06-26,1.24,1.2330000000000003,1.264,1.24,191881,517090
2023-06-26,0.759,0.7400000000000001,0.759,0.749,33819,517100
2023-06-26,0.612,0.595,0.612,0.593,132581,517110
2023-06-26,0.561,0.544,0.565,0.543,397016,517120
2023-06-26,0.744,0.725,0.744,0.735,4731,517160
2023-06-26,0.776,0.76,0.776,0.77,59852,517170
2023-06-26,1.311,1.303,1.336,1.309,333936,517180
2023-06-26,0.662,0.616,0.662,0.635,76729,517200
2023-06-26,0.796,0.7730000000000001,0.796,0.78,12418,517270
2023-06-26,1.0,0.9289999999999999,1.0,0.954,195505,517280
2023-06-26,0.712,0.698,0.712,0.702,33750,517300
2023-06-26,0.745,0.7350000000000001,0.745,0.738,8875,517330
2023-06-26,0.643,0.614,0.643,0.622,44278,517350
2023-06-26,0.835,0.8070000000000002,0.835,0.819,18300,517360
2023-06-26,0.602,0.585,0.602,0.58,217634,517380
2023-06-26,1.16,1.066,1.16,1.118,51734,517390
2023-06-26,1.734,1.5350000000000001,1.734,1.589,21989,517500
2023-06-26,0.787,0.7669999999999999,0.789,0.778,27170,517550
2023-06-26,0.85,0.826,0.85,0.833,155832,517660
2023-06-26,0.933,0.9080000000000001,0.935,0.923,23195,517760
2023-06-26,1.13,1.021,1.13,1.06,37947,517770
2023-06-26,0.793,0.74,0.793,0.77,49150,517800
2023-06-26,0.929,0.908,0.929,0.905,61228,517850
2023-06-26,0.84,0.822,0.841,0.831,73835,517880
2023-06-26,0.963,0.9490000000000001,0.966,0.961,5710,517900
2023-06-26,0.925,0.895,0.925,0.912,312,517960
2023-06-26,0.919,0.894,0.919,0.898,27047,517990
2023-06-26,4.338,4.3260000000000005,4.345,4.331,2002,518600
2023-06-26,4.362,4.356,4.365,4.355,1854,518660
2023-06-26,4.37,4.351,4.37,4.347,72424,518680
2023-06-26,4.31,4.3,4.31,4.296,398040,518800
2023-06-26,4.436,4.376,4.436,4.372,7725,518850
2023-06-26,4.395,4.373,4.401,4.375,47,518860
2023-06-26,4.36,4.351999999999999,4.363,4.349,1336542,518880
2023-06-26,4.39,4.388,4.4,4.387,5738,518890
2023-06-26,0.735,0.719,0.736,0.724,10177,560000
2023-06-26,0.942,0.9112361694009921,0.942,0.925,3154229,560010
2023-06-26,0.771,0.757,0.777,0.765,2223880,560050
2023-06-26,0.789,0.779,0.793,0.78,32525,560060
2023-06-26,0.988,0.9739999999999999,0.995,0.98,269964,560070
2023-06-26,1.272,1.237,1.279,1.26,691533,560080
2023-06-26,0.972,0.937,0.974,0.955,120961,560090
2023-06-26,0.95,0.928,0.951,0.939,154020,560100
2023-06-26,0.959,0.9259999999999999,0.959,0.941,902350,560110
2023-06-26,0.956,0.9350000000000002,0.957,0.944,139136,560180
2023-06-26,0.962,0.9420000000000001,0.967,0.955,141717,560330
2023-06-26,0.867,0.849,0.868,0.857,42096,560500
2023-06-26,0.785,0.775,0.789,0.775,126188,560550
2023-06-26,0.693,0.691,0.7,0.685,97959,560560
2023-06-26,0.981,0.9990000000000001,0.993,0.979,41176,560580
2023-06-26,0.684,0.667,0.684,0.67,9913,560600
2023-06-26,0.982,0.9610000000000001,0.982,0.968,17624,560650
2023-06-26,1.243,1.14,1.252,1.207,210327,560660
2023-06-26,1.044,1.017,1.044,1.033,225671,560680
2023-06-26,0.985,0.976,0.995,0.984,689455,560700
2023-06-26,0.775,0.7250000000000001,0.775,0.742,902228,560800
2023-06-26,0.885,0.8640000000000001,0.889,0.87,36744,560860
2023-06-26,1.184,1.1670000000000003,1.191,1.177,119747,560880
2023-06-26,0.901,0.8739999999999999,0.901,0.874,45707,560900
2023-06-26,0.896,0.8940000000000003,0.905,0.891,142929,560960
2023-06-26,0.833,0.8359999999999999,0.848,0.825,266421,560980
2023-06-26,0.931,0.904,0.931,0.914,202627,560990
2023-06-26,1.005,0.979,1.005,0.991,144294,561000
2023-06-26,0.78,0.736,0.78,0.748,216325,561100
2023-06-26,0.996,0.997,1.017,0.996,394471,561120
2023-06-26,0.807,0.784,0.807,0.794,188977,561130
2023-06-26,0.644,0.6370000000000002,0.653,0.634,601482,561160
2023-06-26,1.017,1.043,1.035,1.017,313751,561170
2023-06-26,1.028,1.0099999999999998,1.031,1.018,123147,561180
2023-06-26,0.79,0.782,0.796,0.782,471893,561190
2023-06-26,0.754,0.736,0.754,0.743,623256,561300
2023-06-26,0.714,0.6820000000000002,0.714,0.69,157994,561310
2023-06-26,0.922,0.9009999999999999,0.925,0.917,162164,561320
2023-06-26,0.991,0.9729999999999999,1.0,0.978,27669,561330
2023-06-26,0.909,0.8790000000000001,0.909,0.891,513896,561350
2023-06-26,0.767,0.751,0.768,0.755,27369,561500
2023-06-26,1.24,1.2029999999999998,1.242,1.221,222874,561510
2023-06-26,0.895,0.8740000000000001,0.895,0.879,297907,561550
2023-06-26,1.097,1.127,1.118,1.097,736210,561560
2023-06-26,0.98,0.968,0.991,0.98,543492,561580
2023-06-26,1.014,0.986,1.014,1.0,173978,561590
2023-06-26,0.757,0.723,0.757,0.732,70931,561600
2023-06-26,0.97,0.993,0.988,0.97,192012,561700
2023-06-26,0.768,0.7489999999999999,0.768,0.752,40597,561710
2023-06-26,0.661,0.649,0.668,0.652,29378,561800
2023-06-26,0.801,0.7830000000000001,0.801,0.79,87058,561900
2023-06-26,0.632,0.625,0.639,0.619,481552,561910
2023-06-26,0.855,0.8389999999999999,0.855,0.84,2744,561920
2023-06-26,0.945,0.9239999999999999,0.958,0.934,111404,561950
2023-06-26,0.981,0.9759999999999999,0.997,0.981,109555,561960
2023-06-26,0.818,0.797,0.818,0.804,936578,561990
2023-06-26,0.918,0.9,0.921,0.909,470347,562000
2023-06-26,0.922,0.9080000000000001,0.922,0.903,6324,562010
2023-06-26,0.701,0.698,0.707,0.692,45897,562300
2023-06-26,0.868,0.852,0.874,0.855,481534,562310
2023-06-26,1.039,1.0070000000000001,1.039,1.023,137267,562320
2023-06-26,0.95,0.934,0.952,0.942,159790,562330
2023-06-26,0.981,1.004,0.996,0.98,97094,562350
2023-06-26,0.977,0.9420000000000001,0.979,0.956,128164,562360
2023-06-26,1.169,1.136,1.172,1.154,72305,562390
2023-06-26,0.878,0.854,0.887,0.861,987453,562500
2023-06-26,0.926,0.8939999999999999,0.937,0.915,493953,562510
2023-06-26,1.083,1.037,1.083,1.061,14064,562520
2023-06-26,1.065,1.0420000000000003,1.065,1.055,17029,562530
2023-06-26,1.022,1.044,1.038,1.019,69289,562550
2023-06-26,0.613,0.601,0.619,0.6,910868,562800
2023-06-26,0.806,0.787,0.806,0.791,191187,562860
2023-06-26,0.666,0.6609999999999998,0.677,0.656,375502,562880
2023-06-26,0.816,0.8060000000000002,0.82,0.807,150968,562900
2023-06-26,0.745,0.735,0.748,0.733,70123,562910
2023-06-26,1.118,1.025,1.118,1.074,88601,562920
2023-06-26,1.127,1.044,1.14,1.097,45655,562930
2023-06-26,0.732,0.704,0.734,0.714,117071,562950
2023-06-26,1.019,1.0450000000000002,1.039,1.019,19085,562960
2023-06-26,0.79,0.782,0.796,0.782,238213,562990
2023-06-26,0.776,0.7590000000000001,0.778,0.767,2107895,563000
2023-06-26,0.985,0.961,0.986,0.974,108684,563030
2023-06-26,1.096,1.059,1.096,1.063,31180312,588000
2023-06-26,0.795,0.7839999999999999,0.797,0.777,174200,588010
2023-06-26,1.078,1.043,1.079,1.049,2693500,588050
2023-06-26,0.669,0.6479999999999999,0.67,0.651,930084,588060
2023-06-26,1.074,1.037,1.074,1.042,7524316,588080
2023-06-26,1.086,1.048,1.086,1.054,927937,588090
2023-06-26,1.232,1.178,1.235,1.193,484916,588100
2023-06-26,0.739,0.7129999999999999,0.739,0.718,110642,588150
2023-06-26,0.797,0.7879999999999999,0.8,0.782,149330,588160
2023-06-26,0.675,0.6540000000000001,0.677,0.656,792153,588180
2023-06-26,1.33,1.261,1.331,1.273,4977516,588200
2023-06-26,1.235,1.1779999999999997,1.235,1.192,288798,588260
2023-06-26,0.761,0.7349999999999999,0.761,0.737,67460,588280
2023-06-26,1.303,1.231,1.303,1.243,1255591,588290
2023-06-26,0.591,0.578,0.593,0.577,657413,588300
2023-06-26,0.654,0.6450000000000001,0.654,0.644,711,588310
2023-06-26,0.92,0.9049999999999999,0.922,0.906,4048,588320
2023-06-26,0.586,0.573,0.586,0.573,489213,588330
2023-06-26,0.894,0.876,0.895,0.875,128740,588350
2023-06-26,0.617,0.602,0.617,0.601,585561,588360
2023-06-26,1.036,1.003,1.036,1.006,259557,588370
2023-06-26,0.589,0.577,0.593,0.577,1406642,588380
2023-06-26,0.639,0.6230000000000001,0.639,0.623,235194,588390
2023-06-26,0.589,0.574,0.589,0.574,860384,588400
2023-06-26,1.07,1.0319999999999998,1.07,1.039,664900,588460
