基金代码,基金简称,类型,2023-07-05-单位净值,2023-07-05-累计净值,2023-07-04-单位净值,2023-07-04-累计净值,增长值,增长率,市价,折价率
159501,嘉实纳斯达克100ETF(QDII)行情,QDII,---,---,1.0638,1.0638,---,---,1.0600,---
159503,鹏扬国证财富管理ETF行情,指数型-股票,---,---,---,---,---,---,---,---
159506,富国恒生港股通医疗保健ETF行情,指数型-股票,1.0113,1.0113,1.0374,1.0374,-0.0261,-2.52%,1.0120,-0.07%
159507,广发国证通信ETF行情,指数型-股票,1.0025,1.0025,1.0254,1.0254,-0.0229,-2.23%,1.0030,-0.05%
159508,华安国证生物医药ETF行情,指数型-股票,---,---,---,---,---,---,---,---
159601,华夏MSCI中国A50互联互通ETF行情,指数型-股票,0.7714,0.7714,0.7778,0.7778,-0.0064,-0.82%,0.7710,0.05%
159602,南方MSCI中国A50互联互通ETF行情,指数型-股票,0.7696,0.7696,0.7760,0.7760,-0.0064,-0.82%,0.7700,-0.05%
159603,天弘中证科创创业50ETF行情,指数型-股票,0.8826,0.8826,0.8868,0.8868,-0.0042,-0.47%,0.8830,-0.05%
159605,广发海外中国互联网30(QDII-ETF)行情,QDII,---,---,0.7747,0.7747,---,---,0.7670,---
159606,易方达中证500质量成长ETF行情,指数型-股票,0.8166,0.8166,0.8202,0.8202,-0.0036,-0.44%,0.8160,0.07%
159607,嘉实中证海外中国互联网30ETF(QDII)行情,QDII,---,---,0.7756,0.7756,---,---,0.7660,---
159608,广发中证稀有金属主题ETF行情,指数型-股票,0.6996,0.6996,0.6813,0.6813,0.0183,2.69%,0.7010,-0.20%
159609,浦银安盛中证光伏产业ETF行情,指数型-股票,0.7060,0.7060,0.7167,0.7167,-0.0107,-1.49%,0.7060,0.00%
159610,景顺中证500增强策略ETF行情,指数型-股票,0.8270,0.8270,0.8328,0.8328,-0.0058,-0.70%,0.8270,0.00%
159611,广发中证全指电力公用事业ETF行情,指数型-股票,0.9373,0.9373,0.9394,0.9394,-0.0021,-0.22%,0.9380,-0.07%
159612,国泰标普500(QDII-ETF)行情,QDII,---,---,1.2014,1.2014,---,---,1.2040,---
159613,嘉实中证信息安全主题ETF行情,指数型-股票,0.9369,0.9369,0.9526,0.9526,-0.0157,-1.65%,0.9360,0.10%
159615,南方恒生香港上市生物科技ETF(QDII)行情,QDII,0.8382,0.8382,0.8612,0.8612,-0.0230,-2.67%,0.8440,-0.69%
159616,建信中证农牧主题ETF行情,指数型-股票,0.7671,0.7671,0.7709,0.7709,-0.0038,-0.49%,0.7660,0.14%
159617,华夏中证智选500价值稳健策略ETF行情,指数型-股票,1.0690,1.0690,1.0726,1.0726,-0.0036,-0.34%,1.0690,0.00%
159618,华安中证光伏产业ETF行情,指数型-股票,0.9738,0.9738,0.9888,0.9888,-0.0150,-1.52%,0.9730,0.08%
159619,国泰中证基建ETF行情,指数型-股票,1.0080,1.0080,1.0083,1.0083,-0.0003,-0.03%,1.0080,0.00%
159620,华夏中证智选500成长创新策略ETF行情,指数型-股票,0.9452,0.9452,0.9542,0.9542,-0.0090,-0.94%,0.9450,0.02%
159621,国泰MSCI中国A股ESG通用ETF行情,指数型-股票,0.9553,0.9553,0.9625,0.9625,-0.0072,-0.75%,0.9570,-0.18%
159622,西藏东财中证沪港深创新药产业ETF行情,指数型-股票,0.9078,0.9078,0.9172,0.9172,-0.0094,-1.02%,0.9050,0.31%
159623,博时成渝经济圈ETF行情,指数型-股票,0.8782,0.8782,0.8866,0.8866,-0.0084,-0.95%,0.8790,-0.09%
159625,嘉实国证绿色电力ETF行情,指数型-股票,1.0959,1.0959,1.0979,1.0979,-0.0020,-0.18%,1.0980,-0.19%
159627,华夏中证100ETF行情,指数型-股票,1.0241,1.0241,1.0299,1.0299,-0.0058,-0.56%,1.0220,0.21%
159628,万家国证2000ETF行情,指数型-股票,1.0278,1.0278,1.0362,1.0362,-0.0084,-0.81%,1.0270,0.08%
159629,富国中证1000ETF行情,指数型-股票,2.6418,0.9301,2.6633,0.9377,-0.0215,-0.81%,2.6410,0.03%
159630,汇添富中证100ETF行情,指数型-股票,1.0644,1.0644,1.0706,1.0706,-0.0062,-0.58%,1.0610,0.32%
159631,招商中证100ETF行情,指数型-股票,0.9327,0.9327,0.9379,0.9379,-0.0052,-0.55%,0.9320,0.08%
159632,华安纳斯达克100ETF(QDII)行情,QDII,---,---,1.2661,1.2661,---,---,1.2690,---
159633,易方达中证1000ETF行情,指数型-股票,1.9841,0.9358,2.0002,0.9434,-0.0161,-0.80%,1.9850,-0.05%
159635,华夏中证基建ETF行情,指数型-股票,1.0785,1.0785,1.0789,1.0789,-0.0004,-0.04%,1.0800,-0.14%
159636,工银瑞信国证港股通科技30ETF行情,指数型-股票,0.8347,0.8347,0.8493,0.8493,-0.0146,-1.72%,0.8410,-0.75%
159637,新能源车龙头ETF行情,指数型-股票,0.7603,0.7603,0.7603,0.7603,0.0000,0.00%,0.7590,0.17%
159638,嘉实中证高端装备细分50ETF行情,指数型-股票,0.8901,0.8901,0.9004,0.9004,-0.0103,-1.14%,0.8880,0.24%
159639,南方中证上海环交所碳中和ETF行情,指数型-股票,0.7943,0.7943,0.7975,0.7975,-0.0032,-0.40%,0.7920,0.29%
159640,工银瑞信中证上海环交所碳中和ETF行情,指数型-股票,0.7954,0.7954,0.7986,0.7986,-0.0032,-0.40%,0.7950,0.05%
159641,招商中证上海环交所碳中和ETF行情,指数型-股票,0.8075,0.8075,0.8107,0.8107,-0.0032,-0.39%,0.8050,0.31%
159642,大成中证上海环交所碳中和ETF行情,指数型-股票,0.8032,0.8032,0.8065,0.8065,-0.0033,-0.41%,0.8040,-0.10%
159643,国泰国证疫苗与生物科技ETF行情,指数型-股票,0.7851,0.7851,0.7922,0.7922,-0.0071,-0.90%,0.7850,0.01%
159645,富国国证疫苗与生物科技ETF行情,指数型-股票,0.8930,0.8930,0.9013,0.9013,-0.0083,-0.92%,0.8910,0.22%
159646,华泰柏瑞国证疫苗与生物科技ETF行情,指数型-股票,0.7888,0.7888,0.7961,0.7961,-0.0073,-0.92%,0.7880,0.10%
159647,鹏华中证中药ETF行情,指数型-股票,1.1448,1.1448,1.1562,1.1562,-0.0114,-0.99%,1.1440,0.07%
159649,华安中债1-5年国开债ETF行情,债券型-长债,102.0660,1.0207,102.0373,1.0204,0.0287,0.03%,102.0630,0.00%
159650,博时中债0-3年国开行ETF行情,债券型-中短债,101.6937,1.0169,101.6775,1.0168,0.0162,0.02%,101.6960,0.00%
159651,平安中债-0-3年国开行债券ETF行情,债券型-中短债,101.5458,1.0155,101.5312,1.0153,0.0146,0.01%,101.5430,0.00%
159652,汇添富中证细分有色金属产业主题ETF行情,指数型-股票,0.8976,0.8976,0.8810,0.8810,0.0166,1.88%,0.8960,0.18%
159653,国联安国证ESG300ETF行情,指数型-股票,0.9622,0.9622,0.9685,0.9685,-0.0063,-0.65%,0.9620,0.02%
159655,华夏标普500ETF(QDII)行情,QDII,---,---,1.1631,1.1631,---,---,1.1650,---
159656,万家沪深300成长ETF行情,指数型-股票,0.9163,0.9163,0.9227,0.9227,-0.0064,-0.69%,0.9170,-0.08%
159657,鹏华国证疫苗与生物科技ETF行情,指数型-股票,0.8290,0.8290,0.8364,0.8364,-0.0074,-0.88%,0.8270,0.24%
159658,华安中证数字经济主题ETF行情,指数型-股票,1.1457,1.1457,1.1568,1.1568,-0.0111,-0.96%,1.1440,0.15%
159659,招商纳斯达克100ETF(QDII)行情,QDII,---,---,1.2136,1.2136,---,---,1.2110,---
159660,汇添富纳斯达克100ETF行情,QDII,---,---,1.2130,1.2130,---,---,1.2090,---
159662,南方国证交通运输行业ETF行情,指数型-股票,0.9756,0.9756,0.9793,0.9793,-0.0037,-0.38%,0.9750,0.06%
159663,华夏中证机床ETF行情,指数型-股票,1.0571,1.0571,1.0554,1.0554,0.0017,0.16%,1.0570,0.01%
159665,工银瑞信国证半导体芯片ETF行情,指数型-股票,1.0665,1.0665,1.0759,1.0759,-0.0094,-0.87%,1.0620,0.42%
159666,华夏中证全指运输ETF行情,指数型-股票,0.9487,0.9487,0.9522,0.9522,-0.0035,-0.37%,0.9460,0.28%
159667,国泰中证机床ETF行情,指数型-股票,1.0435,1.0435,1.0416,1.0416,0.0019,0.18%,1.0420,0.14%
159669,国泰国证绿色电力ETF行情,指数型-股票,1.0141,1.0141,1.0161,1.0161,-0.0020,-0.20%,1.0140,0.01%
159670,国联安中证消费50ETF行情,指数型-股票,0.9718,0.9718,0.9847,0.9847,-0.0129,-1.31%,0.9700,0.19%
159671,工银瑞信中证稀有金属主题ETF行情,指数型-股票,0.8765,0.8765,0.8535,0.8535,0.0230,2.69%,0.8750,0.17%
159672,博时主要消费ETF行情,指数型-股票,0.8885,0.8885,0.9041,0.9041,-0.0156,-1.73%,0.8890,-0.06%
159673,鹏华沪深300ETF行情,指数型-股票,---,---,---,---,---,---,---,---
159675,嘉实创业板增强策略ETF行情,指数型-股票,0.8920,0.8920,0.9003,0.9003,-0.0083,-0.92%,0.8910,0.11%
159676,富国创业板增强策略ETF行情,指数型-股票,0.9220,0.9220,0.9277,0.9277,-0.0057,-0.61%,0.9200,0.22%
159677,银华中证1000增强策略ETF行情,指数型-股票,1.0474,1.0474,1.0554,1.0554,-0.0080,-0.76%,1.0450,0.23%
159678,博时中证500增强策略ETF行情,指数型-股票,0.9604,0.9604,0.9661,0.9661,-0.0057,-0.59%,0.9600,0.04%
159679,国泰中证1000增强策略ETF行情,指数型-股票,0.9620,0.9620,0.9689,0.9689,-0.0069,-0.71%,0.9610,0.10%
159680,招商中证1000增强策略ETF行情,指数型-股票,1.0522,1.0522,1.0615,1.0615,-0.0093,-0.88%,1.0490,0.30%
159681,鹏华创业板50ETF行情,指数型-股票,0.9158,0.9158,0.9227,0.9227,-0.0069,-0.75%,0.9140,0.20%
159682,景顺长城创业板50ETF行情,指数型-股票,0.9073,0.9073,0.9144,0.9144,-0.0071,-0.78%,0.9070,0.03%
159683,嘉实中证内地运输主题ETF行情,指数型-股票,0.9556,0.9556,0.9589,0.9589,-0.0033,-0.34%,0.9510,0.48%
159685,天弘中证1000增强ETF行情,指数型-股票,1.0018,1.0018,1.0111,1.0111,-0.0093,-0.92%,1.0000,0.18%
159687,南方基金南方东英银河联昌富时亚太低碳精选ETF(QDII)行情,QDII,---,---,1.0822,1.0822,---,---,1.0960,---
159688,华安恒生互联网科技业ETF(QDII)行情,QDII,0.8643,0.8643,0.8796,0.8796,-0.0153,-1.74%,0.8670,-0.31%
159689,南方中证主要消费ETF行情,指数型-股票,0.8883,0.8883,0.9041,0.9041,-0.0158,-1.75%,0.8870,0.15%
159690,招商中证有色金属矿业主题ETF行情,指数型-股票,1.0324,1.0324,---,---,---,---,---,---
159691,工银瑞信中证港股通高股息精选ETF行情,指数型-股票,0.9881,0.9881,0.9966,0.9966,-0.0085,-0.85%,0.9900,-0.19%
159692,东财中证证券公司30ETF行情,指数型-股票,0.9544,0.9544,0.9612,0.9612,-0.0068,-0.71%,0.9520,0.25%
159695,嘉实国证通信ETF行情,指数型-股票,1.0943,1.0943,1.1168,1.1168,-0.0225,-2.01%,1.0910,0.30%
159697,鹏华国证石油天然气ETF行情,指数型-股票,0.9827,0.9827,0.9836,0.9836,-0.0009,-0.09%,0.9820,0.07%
159701,招商中证物联网主题ETF行情,指数型-股票,0.7980,0.7980,0.8024,0.8024,-0.0044,-0.55%,0.7990,-0.13%
159703,天弘中证新材料主题ETF行情,指数型-股票,0.7842,0.7842,0.7933,0.7933,-0.0091,-1.15%,0.7860,-0.23%
159706,华安深证100ETF行情,指数型-股票,0.7270,0.7270,0.7340,0.7340,-0.0070,-0.95%,0.7260,0.14%
159707,华宝中证800地产ETF行情,指数型-股票,0.7929,0.7929,0.7934,0.7934,-0.0005,-0.06%,0.7940,-0.14%
159708,西部利得深证红利ETF行情,指数型-股票,0.7527,0.7527,0.7585,0.7585,-0.0058,-0.76%,0.7530,-0.04%
159709,工银瑞信深证物联网50ETF行情,指数型-股票,0.8802,0.8802,0.8903,0.8903,-0.0101,-1.13%,0.8790,0.14%
159710,建信中证智能电动汽车ETF行情,指数型-股票,0.6835,0.6835,0.6883,0.6883,-0.0048,-0.70%,0.6820,0.22%
159711,华夏中证港股通50ETF行情,指数型-股票,0.9680,0.9680,0.9826,0.9826,-0.0146,-1.49%,0.9690,-0.10%
159712,国泰中证港股通50ETF行情,指数型-股票,0.9135,0.9135,0.9272,0.9272,-0.0137,-1.48%,0.9180,-0.49%
159713,富国中证稀土产业ETF行情,指数型-股票,0.8120,0.8120,0.7853,0.7853,0.0267,3.40%,0.8160,-0.49%
159715,易方达中证稀土产业ETF行情,指数型-股票,0.7232,0.7232,0.6995,0.6995,0.0237,3.39%,0.7240,-0.11%
159716,华宝深创100ETF行情,指数型-股票,0.7579,0.7579,0.7645,0.7645,-0.0066,-0.86%,0.7580,-0.01%
159717,鹏华国证ESG300ETF行情,指数型-股票,0.8588,0.8588,0.8644,0.8644,-0.0056,-0.65%,0.8580,0.09%
159718,平安中证港股通医药卫生综合ETF行情,指数型-股票,0.7578,0.7578,0.7749,0.7749,-0.0171,-2.21%,0.7600,-0.29%
159719,平安富时中国国企开放共赢ETF行情,指数型-股票,1.3480,1.3480,1.3495,1.3495,-0.0015,-0.11%,1.3470,0.07%
159720,泰康中证智能电动汽车ETF行情,指数型-股票,0.7109,0.7109,0.7160,0.7160,-0.0051,-0.71%,0.7110,-0.01%
159721,永赢深证创新100ETF行情,指数型-股票,0.7465,0.7465,0.7531,0.7531,-0.0066,-0.88%,0.7460,0.07%
159723,汇添富中证沪港深科技龙头ETF行情,指数型-股票,0.7235,0.7235,0.7306,0.7306,-0.0071,-0.97%,0.7200,0.48%
159725,工银瑞信中证线上消费ETF行情,指数型-股票,0.8868,0.8868,0.8996,0.8996,-0.0128,-1.42%,0.8900,-0.36%
159726,华夏恒生中国内地企业高股息率ETF行情,指数型-股票,0.8418,0.8418,0.8553,0.8553,-0.0135,-1.58%,0.8460,-0.50%
159728,南方国证在线消费ETF行情,指数型-股票,0.9188,0.9188,0.9321,0.9321,-0.0133,-1.43%,0.9200,-0.13%
159729,汇添富中证沪港深互联网ETF行情,指数型-股票,0.7013,0.7013,0.7116,0.7116,-0.0103,-1.45%,0.7000,0.19%
159730,博时国证龙头家电ETF行情,指数型-股票,0.9053,0.9053,0.9119,0.9119,-0.0066,-0.72%,0.9060,-0.08%
159731,华夏中证石化产业ETF行情,指数型-股票,0.7187,0.7187,0.7202,0.7202,-0.0015,-0.21%,0.7170,0.24%
159732,华夏国证消费电子主题ETF行情,指数型-股票,0.7004,0.7004,0.7075,0.7075,-0.0071,-1.00%,0.6980,0.34%
159733,景顺中证消费电子ETF行情,指数型-股票,0.7763,0.7763,0.7812,0.7812,-0.0049,-0.63%,0.7760,0.04%
159735,银华中证港股通消费主题ETF行情,指数型-股票,0.6357,0.6357,0.6462,0.6462,-0.0105,-1.62%,0.6370,-0.20%
159736,天弘中证食品饮料ETF行情,指数型-股票,0.8476,0.8476,0.8622,0.8622,-0.0146,-1.69%,0.8470,0.07%
159738,华泰柏瑞中证沪港深云计算产业ETF行情,指数型-股票,1.0648,1.0648,1.0863,1.0863,-0.0215,-1.98%,1.0680,-0.30%
159739,鹏华中证云计算与大数据主题ETF行情,指数型-股票,1.1202,1.1202,1.1461,1.1461,-0.0259,-2.26%,1.1230,-0.25%
159740,大成恒生科技ETF(QDII)行情,QDII,0.5447,0.5447,0.5530,0.5530,-0.0083,-1.50%,0.5440,0.13%
159741,嘉实恒生科技ETF(QDII)行情,QDII,0.5453,0.5453,0.5536,0.5536,-0.0083,-1.50%,0.5450,0.06%
159742,博时恒生科技ETF(QDII)行情,QDII,0.5558,0.5558,0.5642,0.5642,-0.0084,-1.49%,0.5570,-0.22%
159743,博时湖北新旧动能转换ETF行情,指数型-股票,0.9126,0.9126,0.9170,0.9170,-0.0044,-0.48%,0.9110,0.18%
159745,国泰中证全指建筑材料ETF行情,指数型-股票,0.6975,0.6975,0.7077,0.7077,-0.0102,-1.44%,0.6980,-0.07%
159747,南方中证香港科技ETF(QDII)行情,QDII,1.0571,0.5286,1.0747,0.5374,-0.0176,-1.64%,1.0590,-0.18%
159748,富国沪港深创新药产业ETF行情,指数型-股票,0.6308,0.6308,0.6374,0.6374,-0.0066,-1.04%,0.6320,-0.19%
159750,招商中证香港科技ETF(QDII)行情,QDII,0.7832,0.7832,0.7960,0.7960,-0.0128,-1.61%,0.7840,-0.10%
159751,鹏华中证港股通科技ETF行情,指数型-股票,0.7319,0.7319,0.7434,0.7434,-0.0115,-1.55%,0.7340,-0.29%
159752,申万菱信中证内地新能源主题ETF行情,指数型-股票,0.6690,0.6690,0.6755,0.6755,-0.0065,-0.96%,0.6690,0.00%
159755,广发国证新能源车电池ETF行情,指数型-股票,0.8234,0.8234,0.8287,0.8287,-0.0053,-0.64%,0.8220,0.17%
159757,景顺长城国证新能源车电池ETF行情,指数型-股票,0.6686,0.6686,0.6728,0.6728,-0.0042,-0.62%,0.6680,0.09%
159758,华夏中证红利质量ETF行情,指数型-股票,0.9066,0.9066,0.9126,0.9126,-0.0060,-0.66%,0.9080,-0.15%
159760,泰康国证公共卫生与健康ETF行情,指数型-股票,0.6880,0.6880,0.6918,0.6918,-0.0038,-0.55%,0.6880,0.00%
159761,国泰中证新材料主题ETF行情,指数型-股票,0.6365,0.6365,0.6439,0.6439,-0.0074,-1.15%,0.6380,-0.24%
159763,建信中证新材料主题ETF行情,指数型-股票,0.6228,0.6228,0.6298,0.6298,-0.0070,-1.11%,0.6220,0.13%
159766,富国中证旅游主题ETF行情,指数型-股票,0.9107,0.9107,0.9227,0.9227,-0.0120,-1.30%,0.9110,-0.03%
159767,兴银国证新能源车电池ETF行情,指数型-股票,0.6665,0.6665,0.6706,0.6706,-0.0041,-0.61%,0.6660,0.08%
159768,银华中证内地地产主题ETF行情,指数型-股票,0.7292,0.7292,0.7297,0.7297,-0.0005,-0.07%,0.7300,-0.11%
159769,银华中证消费电子主题ETF行情,指数型-股票,0.7925,0.7925,0.7974,0.7974,-0.0049,-0.61%,0.7910,0.19%
159770,天弘中证机器人ETF行情,指数型-股票,0.8838,0.8838,0.8884,0.8884,-0.0046,-0.52%,0.8810,0.32%
159773,华泰柏瑞创业板科技ETF行情,指数型-股票,0.7533,0.7533,0.7629,0.7629,-0.0096,-1.26%,0.7520,0.17%
159775,建信国证新能源车电池ETF行情,指数型-股票,0.6948,0.6948,0.6992,0.6992,-0.0044,-0.63%,0.6950,-0.03%
159776,银华中证港股通医药卫生综合ETF行情,指数型-股票,1.0348,1.0348,1.0590,1.0590,-0.0242,-2.29%,1.0420,-0.70%
159777,国联安创业板科技ETF行情,指数型-股票,0.7288,0.7288,0.7377,0.7377,-0.0089,-1.21%,0.7290,-0.03%
159778,鹏华中证工业互联网主题ETF行情,指数型-股票,0.8777,0.8777,0.8849,0.8849,-0.0072,-0.81%,0.8760,0.19%
159779,招商中证消费电子主题ETF行情,指数型-股票,0.6893,0.6893,0.6936,0.6936,-0.0043,-0.62%,0.6890,0.04%
159780,南方中证科创创业50ETF行情,指数型-股票,0.5751,0.5751,0.5778,0.5778,-0.0027,-0.47%,0.5760,-0.16%
159781,易方达中证科创创业50ETF行情,指数型-股票,0.5709,0.5709,0.5736,0.5736,-0.0027,-0.47%,0.5720,-0.19%
159782,银华中证科创创业50ETF行情,指数型-股票,0.5724,0.5724,0.5751,0.5751,-0.0027,-0.47%,0.5730,-0.10%
159783,华夏中证科创创业50ETF行情,指数型-股票,0.5776,0.5776,0.5804,0.5804,-0.0028,-0.48%,0.5780,-0.07%
159786,银华中证虚拟现实主题ETF行情,指数型-股票,0.7867,0.7867,0.7958,0.7958,-0.0091,-1.14%,0.7860,0.09%
159787,易方达中证全指建筑材料ETF行情,指数型-股票,0.7725,0.7725,0.7836,0.7836,-0.0111,-1.42%,0.7720,0.06%
159788,易方达中证港股通中国100ETF行情,指数型-股票,0.9354,0.9354,0.9504,0.9504,-0.0150,-1.58%,0.9400,-0.49%
159789,建信中证饮料主题ETF行情,指数型-股票,0.7871,0.7871,0.8010,0.8010,-0.0139,-1.74%,0.7880,-0.11%
159790,华夏中证内地低碳经济主题ETF行情,指数型-股票,0.7076,0.7076,0.7148,0.7148,-0.0072,-1.01%,0.7080,-0.06%
159791,华夏沪深300ESG基准ETF行情,指数型-股票,0.8921,0.8921,0.8987,0.8987,-0.0066,-0.73%,0.8920,0.01%
159792,富国中证港股通互联网ETF行情,指数型-股票,0.6249,0.6249,0.6338,0.6338,-0.0089,-1.40%,0.6300,-0.82%
159793,平安中证沪港深线上消费主题ETF行情,指数型-股票,0.8592,0.8592,0.8714,0.8714,-0.0122,-1.40%,0.8590,0.02%
159795,汇添富中证智能汽车主题ETF行情,指数型-股票,0.8957,0.8957,0.9102,0.9102,-0.0145,-1.59%,0.8980,-0.26%
159796,汇添富中证电池主题ETF行情,指数型-股票,0.7794,0.7794,0.7860,0.7860,-0.0066,-0.84%,0.7790,0.05%
159797,汇添富中证全指医疗器械ETF行情,指数型-股票,0.9292,0.9292,0.9356,0.9356,-0.0064,-0.68%,0.9290,0.02%
159798,易方达中证消费50ETF行情,指数型-股票,0.9490,0.9490,0.9625,0.9625,-0.0135,-1.40%,0.9500,-0.11%
159801,广发国证半导体芯片ETF行情,指数型-股票,1.0632,1.0632,1.0727,1.0727,-0.0095,-0.89%,1.0640,-0.08%
159804,国寿安保创精选88ETF行情,指数型-股票,1.2508,1.2508,1.2714,1.2714,-0.0206,-1.62%,1.2530,-0.18%
159805,鹏华中证传媒ETF行情,指数型-股票,1.1714,1.1714,1.1857,1.1857,-0.0143,-1.21%,1.1710,0.03%
159806,国泰中证新能源汽车ETF行情,指数型-股票,0.6710,2.0130,0.6710,2.0130,0.0000,0.00%,0.6700,0.15%
159807,易方达中证科技50ETF行情,指数型-股票,0.5720,1.1440,0.5773,1.1546,-0.0053,-0.92%,0.5720,0.00%
159808,融通创业板ETF行情,指数型-股票,0.8307,0.8307,0.8384,0.8384,-0.0077,-0.92%,0.8290,0.20%
159810,浦银安盛创业板ETF行情,指数型-股票,0.8774,0.8774,0.8857,0.8857,-0.0083,-0.94%,0.8770,0.05%
159811,博时中证5G产业50ETF行情,指数型-股票,1.1052,1.1052,1.1223,1.1223,-0.0171,-1.52%,1.1030,0.20%
159812,前海开源黄金ETF行情,商品（不含QDII）,4.3792,1.1269,4.3722,1.1251,0.0070,0.16%,4.3720,0.16%
159813,鹏华国证半导体芯片ETF行情,指数型-股票,0.6861,1.0292,0.6922,1.0383,-0.0061,-0.88%,0.6850,0.16%
159814,西部利得创业板大盘ETF行情,指数型-股票,0.4114,0.8471,0.4145,0.8535,-0.0031,-0.75%,0.4110,0.10%
159816,鹏华0-4年地方政府债ETF行情,债券型-长债,107.2318,1.0858,107.2410,1.0858,-0.0092,-0.01%,106.2350,0.93%
159819,易方达中证人工智能主题ETF行情,指数型-股票,0.9116,0.9116,0.9305,0.9305,-0.0189,-2.03%,0.9130,-0.15%
159820,天弘中证500ETF行情,指数型-股票,0.9810,0.9810,0.9865,0.9865,-0.0055,-0.56%,0.9810,0.00%
159821,中银证券创业板ETF行情,指数型-股票,0.8176,0.8176,0.8250,0.8250,-0.0074,-0.90%,0.8130,0.56%
159822,银华工银南方东英标普中国新经济ETF(QDII)行情,QDII,---,---,---,---,---,---,0.6360,---
159823,嘉实H股50ETF(QDII)行情,QDII,0.6991,0.6991,0.7143,0.7143,-0.0152,-2.13%,0.7000,-0.13%
159824,博时新能源汽车ETF行情,指数型-股票,1.0092,1.0092,1.0093,1.0093,-0.0001,-0.01%,1.0080,0.12%
159825,富国中证农业主题ETF行情,指数型-股票,0.7528,0.7528,0.7618,0.7618,-0.0090,-1.18%,0.7530,-0.03%
159827,银华中证农业主题ETF行情,指数型-股票,0.7924,0.7924,0.8018,0.8018,-0.0094,-1.17%,0.7910,0.18%
159828,国泰中证医疗ETF行情,指数型-股票,0.5262,0.5262,0.5310,0.5310,-0.0048,-0.90%,0.5270,-0.15%
159830,天弘上海金ETF行情,商品（不含QDII）,4.2897,1.1414,4.2865,1.1405,0.0032,0.07%,4.2940,-0.10%
159831,嘉实上海金ETF行情,商品（不含QDII）,4.4398,1.1167,4.4364,1.1159,0.0034,0.08%,4.4290,0.24%
159834,南方上海金ETF行情,指数型-股票,4.5720,1.1162,4.5687,1.1154,0.0033,0.07%,4.5690,0.07%
159835,建信中证创新药产业ETF行情,指数型-股票,0.6492,0.6492,0.6513,0.6513,-0.0021,-0.32%,0.6490,0.03%
159836,天弘创业板300ETF行情,指数型-股票,0.8211,0.8211,0.8295,0.8295,-0.0084,-1.01%,0.8190,0.26%
159837,易方达中证生物科技主题ETF行情,指数型-股票,0.5254,0.5254,0.5292,0.5292,-0.0038,-0.72%,0.5250,0.08%
159838,博时医药50ETF行情,指数型-股票,0.6579,0.6579,0.6601,0.6601,-0.0022,-0.33%,0.6570,0.14%
159839,汇添富国证生物医药ETF行情,指数型-股票,0.4438,0.4438,0.4483,0.4483,-0.0045,-1.00%,0.4440,-0.05%
159840,工银瑞信国证新能源车电池ETF行情,指数型-股票,0.6552,0.6552,0.6594,0.6594,-0.0042,-0.64%,0.6550,0.03%
159841,天弘中证全指证券公司ETF行情,指数型-股票,0.8072,0.8072,0.8130,0.8130,-0.0058,-0.71%,0.8070,0.02%
159842,银华中证全指证券公司ETF行情,指数型-股票,0.8469,0.8469,0.8528,0.8528,-0.0059,-0.69%,0.8470,-0.01%
159843,招商国证食品饮料ETF行情,指数型-股票,0.7639,0.7639,0.7766,0.7766,-0.0127,-1.64%,0.7650,-0.14%
159845,华夏中证1000ETF行情,指数型-股票,2.6506,1.0988,2.6722,1.1077,-0.0216,-0.81%,2.6510,-0.02%
159847,易方达中证医疗ETF行情,指数型-股票,0.4808,0.4808,0.4851,0.4851,-0.0043,-0.89%,0.4820,-0.25%
159848,国联安中证全指证券公司ETF行情,指数型-股票,0.7169,0.8886,0.7219,0.8948,-0.0050,-0.69%,0.7160,0.13%
159849,招商中证生物科技主题ETF行情,指数型-股票,0.5586,0.5586,0.5626,0.5626,-0.0040,-0.71%,0.5590,-0.07%
159850,华夏恒生中国企业ETF(QDII)行情,QDII,0.6362,0.6362,0.6479,0.6479,-0.0117,-1.81%,0.6400,-0.60%
159851,华宝中证金融科技主题ETF行情,指数型-股票,1.1383,1.1383,1.1592,1.1592,-0.0209,-1.80%,1.1380,0.03%
159852,嘉实中证软件服务ETF行情,指数型-股票,0.9747,0.9747,0.9925,0.9925,-0.0178,-1.79%,0.9730,0.17%
159853,南方中证科技100ETF行情,指数型-股票,0.9107,0.9107,0.9236,0.9236,-0.0129,-1.40%,0.9120,-0.14%
159855,银华中证影视主题ETF行情,指数型-股票,0.9380,0.9380,0.9487,0.9487,-0.0107,-1.13%,0.9380,0.00%
159856,工银瑞信中证沪港深互联网ETF行情,指数型-股票,0.5894,0.5894,0.5981,0.5981,-0.0087,-1.45%,0.5910,-0.27%
159857,天弘中证光伏产业ETF行情,指数型-股票,1.0219,1.0219,1.0377,1.0377,-0.0158,-1.52%,1.0220,-0.01%
159858,南方中证创新药产业ETF行情,指数型-股票,0.6475,0.6475,0.6497,0.6497,-0.0022,-0.34%,0.6480,-0.08%
159859,天弘国证生物医药ETF行情,指数型-股票,0.4705,0.4705,0.4754,0.4754,-0.0049,-1.03%,0.4710,-0.11%
159861,国泰中证环保产业50ETF行情,指数型-股票,1.0981,1.0981,1.1092,1.1092,-0.0111,-1.00%,1.0960,0.19%
159862,银华中证细分食品饮料产业主题ETF行情,指数型-股票,0.8104,0.8104,0.8238,0.8238,-0.0134,-1.63%,0.8120,-0.20%
159863,鹏华中证光伏产业ETF行情,指数型-股票,0.8042,1.2063,0.8164,1.2246,-0.0122,-1.49%,0.8060,-0.22%
159864,国泰中证光伏产业ETF行情,指数型-股票,0.7639,0.7639,0.7756,0.7756,-0.0117,-1.51%,0.7650,-0.14%
159865,国泰中证畜牧养殖ETF行情,指数型-股票,0.6828,0.6828,0.6932,0.6932,-0.0104,-1.50%,0.6830,-0.03%
159866,工银瑞信大和日经225ETF(QDII)行情,QDII,0.9538,0.9538,0.9572,0.9572,-0.0034,-0.36%,0.9560,-0.23%
159867,鹏华中证畜牧养殖ETF行情,指数型-股票,0.6865,0.6865,0.6968,0.6968,-0.0103,-1.48%,0.6870,-0.07%
159869,华夏中证动漫游戏ETF行情,指数型-股票,1.3416,1.3416,1.3635,1.3635,-0.0219,-1.61%,1.3400,0.12%
159870,鹏华中证细分化工产业ETF行情,指数型-股票,0.6789,0.6789,0.6811,0.6811,-0.0022,-0.32%,0.6800,-0.16%
159871,银华中证有色金属ETF行情,指数型-股票,1.0853,1.0853,1.0640,1.0640,0.0213,2.00%,1.0870,-0.16%
159872,鹏华中证车联网主题ETF行情,指数型-股票,0.9394,0.9394,0.9545,0.9545,-0.0151,-1.58%,0.9390,0.04%
159873,天弘中证全指医疗保健设备与服务ETF行情,指数型-股票,0.7052,0.7052,0.7111,0.7111,-0.0059,-0.83%,0.7050,0.03%
159875,嘉实中证新能源ETF行情,指数型-股票,0.6705,0.6705,0.6762,0.6762,-0.0057,-0.84%,0.6700,0.07%
159876,华宝有色金属ETF行情,指数型-股票,1.1186,1.1186,1.0966,1.0966,0.0220,2.01%,1.1180,0.05%
159877,南方中证全指医疗保健设备与服务ETF行情,指数型-股票,0.7412,0.7412,0.7475,0.7475,-0.0063,-0.84%,0.7410,0.03%
159880,鹏华国证有色金属行业ETF行情,指数型-股票,1.0460,1.0460,1.0260,1.0260,0.0200,1.95%,1.0440,0.19%
159881,国泰中证有色金属ETF行情,指数型-股票,1.0225,1.0225,1.0024,1.0024,0.0201,2.01%,1.0230,-0.05%
159883,永赢中证全指医疗器械ETF行情,指数型-股票,0.6035,0.6035,0.6076,0.6076,-0.0041,-0.67%,0.6030,0.08%
159885,鹏华中证内地低碳经济主题ETF行情,指数型-股票,0.7333,1.1000,0.7406,1.1109,-0.0073,-0.99%,0.7330,0.04%
159886,富国细分机械设备产业主题ETF行情,指数型-股票,0.9441,0.9441,0.9504,0.9504,-0.0063,-0.66%,0.9440,0.01%
159887,富国中证800银行ETF行情,指数型-股票,0.8801,0.8801,0.8847,0.8847,-0.0046,-0.52%,0.8790,0.12%
159888,华夏中证智能汽车主题ETF行情,指数型-股票,1.0381,1.0381,1.0550,1.0550,-0.0169,-1.60%,1.0360,0.20%
159889,国泰中证智能汽车主题ETF行情,指数型-股票,0.9131,0.9131,0.9278,0.9278,-0.0147,-1.58%,0.9140,-0.10%
159890,招商中证云计算ETF行情,指数型-股票,1.1945,1.1945,1.2222,1.2222,-0.0277,-2.27%,1.1940,0.04%
159891,建信中证全指医疗保健设备与服务ETF行情,指数型-股票,0.5587,0.5587,0.5634,0.5634,-0.0047,-0.83%,0.5610,-0.41%
159892,华夏恒生香港上市生物科技ETF(QDII)行情,QDII,0.5717,0.5717,0.5874,0.5874,-0.0157,-2.67%,0.5760,-0.75%
159895,易方达中证物联网主题ETF行情,指数型-股票,0.8526,0.8526,0.8571,0.8571,-0.0045,-0.53%,0.8530,-0.05%
159896,南方中证物联网主题ETF行情,指数型-股票,0.7973,0.7973,0.8016,0.8016,-0.0043,-0.54%,0.7960,0.16%
159898,招商中证全指医疗器械ETF行情,指数型-股票,0.6157,0.6157,0.6199,0.6199,-0.0042,-0.68%,0.6150,0.11%
159899,招商中证全指软件ETF行情,指数型-股票,0.9321,0.9321,0.9497,0.9497,-0.0176,-1.85%,0.9330,-0.10%
159901,易方达深证100ETF行情,指数型-股票,2.8670,5.5583,2.8954,5.6122,-0.0284,-0.98%,2.8640,0.10%
159902,华夏中小企业100ETF行情,指数型-股票,3.6480,3.7680,3.6910,3.8110,-0.0430,-1.16%,3.6500,-0.05%
159903,南方深证成份ETF行情,指数型-股票,1.3012,0.9601,1.3130,0.9688,-0.0118,-0.90%,1.3010,0.02%
159905,工银深证红利ETF行情,指数型-股票,1.9330,1.9330,1.9482,1.9482,-0.0152,-0.78%,1.9310,0.10%
159906,大成深证成长40ETF行情,指数型-股票,0.9820,0.9820,0.9900,0.9900,-0.0080,-0.81%,0.9800,0.20%
159907,广发国证2000ETF行情,指数型-股票,1.5531,1.4111,1.5593,1.4167,-0.0062,-0.40%,1.5550,-0.12%
159908,博时创业板ETF行情,指数型-股票,2.0096,2.0096,2.0279,2.0279,-0.0183,-0.90%,2.0100,-0.02%
159909,招商深证TMT50ETF行情,指数型-股票,0.6630,1.9971,0.6728,2.0267,-0.0098,-1.46%,0.6650,-0.30%
159910,嘉实深证基本面120ETF行情,指数型-股票,2.0492,2.0492,2.0575,2.0575,-0.0083,-0.40%,2.0530,-0.19%
159912,汇添富深证300ETF行情,指数型-股票,1.4868,1.4868,1.5000,1.5000,-0.0132,-0.88%,1.4870,-0.01%
159913,交银深证300价值ETF行情,指数型-股票,2.0610,2.0610,2.0720,2.0720,-0.0110,-0.53%,2.0590,0.10%
159915,易方达创业板ETF行情,指数型-股票,2.1576,2.4717,2.1774,2.4944,-0.0198,-0.91%,2.1560,0.07%
159916,建信深证基本面60ETF行情,指数型-股票,4.5326,2.4695,4.5522,2.4802,-0.0196,-0.43%,4.5250,0.17%
159918,嘉实中创400ETF行情,指数型-股票,1.8997,1.8997,1.9208,1.9208,-0.0211,-1.10%,1.8930,0.35%
159919,嘉实沪深300ETF行情,指数型-股票,3.9788,1.7833,4.0081,1.7958,-0.0293,-0.73%,3.9790,-0.01%
159920,华夏恒生ETF(QDII)行情,QDII,1.1241,1.2001,1.1421,1.2181,-0.0180,-1.58%,1.1280,-0.35%
159922,嘉实中证500ETF行情,指数型-股票,6.2376,1.9542,6.2726,1.9652,-0.0350,-0.56%,6.2390,-0.02%
159923,大成中证100ETF行情,指数型-股票,1.6940,1.6940,1.7030,1.7030,-0.0090,-0.53%,1.6880,0.35%
159925,南方沪深300ETF行情,指数型-股票,1.9254,1.6880,1.9395,1.7004,-0.0141,-0.73%,1.9250,0.02%
159928,汇添富中证主要消费ETF行情,指数型-股票,0.9304,3.7216,0.9468,3.7872,-0.0164,-1.73%,0.9300,0.04%
159929,汇添富中证医药卫生ETF行情,指数型-股票,1.5189,1.5189,1.5264,1.5264,-0.0075,-0.49%,1.5170,0.13%
159930,汇添富中证能源ETF行情,指数型-股票,1.2002,1.2002,1.1945,1.1945,0.0057,0.48%,1.2010,-0.07%
159931,汇添富中证金融地产ETF行情,指数型-股票,1.4348,1.4348,1.4444,1.4444,-0.0096,-0.66%,1.4330,0.13%
159933,国投瑞银金融地产ETF行情,指数型-股票,2.1715,2.1715,2.1867,2.1867,-0.0152,-0.70%,2.1750,-0.16%
159934,易方达黄金ETF行情,商品（不含QDII）,4.3234,1.7613,4.3164,1.7585,0.0070,0.16%,4.3180,0.12%
159935,景顺长城中证500ETF行情,指数型-股票,1.8558,1.8558,1.8663,1.8663,-0.0105,-0.56%,1.8550,0.04%
159936,广发中证全指可选消费ETF行情,指数型-股票,1.7203,1.7203,1.7394,1.7394,-0.0191,-1.10%,1.7170,0.19%
159937,博时黄金ETF行情,商品（不含QDII）,4.3665,1.7145,4.3594,1.7117,0.0071,0.16%,4.3650,0.03%
159938,广发中证全指医药卫生ETF行情,指数型-股票,0.7317,1.4634,0.7358,1.4716,-0.0041,-0.56%,0.7300,0.23%
159939,广发中证全指信息技术ETF行情,指数型-股票,0.6005,1.2010,0.6078,1.2156,-0.0073,-1.20%,0.5990,0.25%
159940,广发中证全指金融地产ETF行情,指数型-股票,0.9085,0.9085,0.9143,0.9143,-0.0058,-0.63%,0.9070,0.17%
159941,广发纳斯达克100ETF行情,QDII,---,---,0.8370,3.3480,---,---,0.8380,---
159943,大成深证成份ETF行情,指数型-股票,1.1350,0.8810,1.1460,0.8890,-0.0110,-0.96%,1.1360,-0.09%
159944,广发中证全指原材料ETF行情,指数型-股票,0.9726,0.9726,0.9652,0.9652,0.0074,0.77%,0.9720,0.06%
159945,广发中证全指能源ETF行情,指数型-股票,1.0012,1.0012,0.9975,0.9975,0.0037,0.37%,1.0010,0.02%
159948,南方创业板ETF行情,指数型-股票,2.3778,1.1685,2.3997,1.1792,-0.0219,-0.91%,2.3730,0.20%
159949,华安创业板50ETF行情,指数型-股票,0.9385,0.9385,0.9458,0.9458,-0.0073,-0.77%,0.9390,-0.05%
159952,广发创业板ETF行情,指数型-股票,1.3093,1.3093,1.3213,1.3213,-0.0120,-0.91%,1.3080,0.10%
159954,南方恒生中国企业ETF行情,指数型-股票,0.7096,0.7096,0.7227,0.7227,-0.0131,-1.81%,0.7120,-0.34%
159956,建信创业板ETF行情,指数型-股票,1.3499,1.3499,1.3617,1.3617,-0.0118,-0.87%,1.3470,0.21%
159957,华夏创业板ETF行情,指数型-股票,1.4124,1.4124,1.4253,1.4253,-0.0129,-0.91%,1.4100,0.17%
159958,工银瑞信创业板ETF行情,指数型-股票,1.2935,1.2935,1.3053,1.3053,-0.0118,-0.90%,1.2930,0.04%
159959,银华中证央企结构调整ETF行情,指数型-股票,1.4060,1.4060,1.4151,1.4151,-0.0091,-0.64%,1.4060,0.00%
159960,平安港股通恒生中国企业ETF行情,指数型-股票,0.7101,0.8001,0.7224,0.8124,-0.0123,-1.70%,0.7130,-0.41%
159961,方正富邦深证100ETF行情,指数型-股票,1.7029,1.7029,1.7192,1.7192,-0.0163,-0.95%,1.7070,-0.24%
159964,平安创业板ETF行情,指数型-股票,1.3935,1.3935,1.4062,1.4062,-0.0127,-0.90%,1.3920,0.11%
159965,中融央视财经50ETF行情,指数型-股票,1.3345,1.3345,1.3396,1.3396,-0.0051,-0.38%,1.3330,0.11%
159966,华夏创业板价值ETF行情,指数型-股票,0.4829,1.4856,0.4851,1.4924,-0.0022,-0.45%,0.4820,0.19%
159967,华夏创成长ETF行情,指数型-股票,0.5205,1.8938,0.5294,1.9262,-0.0089,-1.68%,0.5200,0.10%
159968,博时中证500ETF行情,指数型-股票,7.1137,1.4023,7.1518,1.4098,-0.0381,-0.53%,7.0970,0.23%
159969,银华深证100ETF行情,指数型-股票,1.2309,1.2309,1.2427,1.2427,-0.0118,-0.95%,1.2310,-0.01%
159970,工银瑞信深证100ETF行情,指数型-股票,4.8776,1.0676,4.9235,1.0777,-0.0459,-0.93%,4.8570,0.42%
159971,富国创业板ETF行情,指数型-股票,1.5090,1.5090,1.5228,1.5228,-0.0138,-0.91%,1.5110,-0.13%
159972,鹏华中证5年地债ETF行情,债券型-长债,115.3360,1.1556,115.3634,1.1558,-0.0274,-0.02%,114.9460,0.34%
159973,弘毅远方民企领先100ETF行情,指数型-股票,1.3557,1.3557,1.3684,1.3684,-0.0127,-0.93%,1.3440,0.86%
159974,富国央企创新ETF行情,指数型-股票,1.5029,1.5029,1.5099,1.5099,-0.0070,-0.46%,1.5020,0.06%
159975,招商深证100ETF行情,指数型-股票,0.5760,1.3162,0.5816,1.3290,-0.0056,-0.96%,0.5760,0.00%
159976,工银粤港澳大湾区创新100ETF行情,指数型-股票,1.0017,1.0017,1.0114,1.0114,-0.0097,-0.96%,1.0000,0.17%
159977,天弘创业板ETF行情,指数型-股票,2.2552,1.3300,2.2759,1.3422,-0.0207,-0.91%,2.2530,0.10%
159980,大成有色金属期货ETF行情,商品（不含QDII）,1.5235,1.5235,1.5286,1.5286,-0.0051,-0.33%,1.5190,0.30%
159981,建信易盛能源化工期货ETF行情,商品（不含QDII）,1.4639,1.4639,1.4698,1.4698,-0.0059,-0.40%,1.4600,0.27%
159982,鹏华中证500ETF行情,指数型-股票,1.4588,1.4588,1.4667,1.4667,-0.0079,-0.54%,1.4590,-0.01%
159983,华夏粤港澳大湾区创新100ETF行情,指数型-股票,1.1026,1.1026,1.1133,1.1133,-0.0107,-0.96%,1.1010,0.15%
159985,华夏饲料豆粕期货ETF行情,商品（不含QDII）,2.0173,2.0173,2.0122,2.0122,0.0051,0.25%,2.0190,-0.08%
159987,银华中证研发创新100ETF行情,指数型-股票,1.4734,1.4734,1.4840,1.4840,-0.0106,-0.71%,1.4740,-0.04%
159990,银华巨潮小盘价值ETF行情,指数型-股票,1.2457,1.2457,1.2462,1.2462,-0.0005,-0.04%,1.2450,0.06%
159991,招商创业板大盘ETF行情,指数型-股票,0.4523,1.2845,0.4556,1.2939,-0.0033,-0.72%,0.4530,-0.15%
159992,银华中证创新药产业ETF行情,指数型-股票,0.8325,0.8325,0.8352,0.8352,-0.0027,-0.32%,0.8330,-0.06%
159993,鹏华国证证券龙头ETF行情,指数型-股票,0.9554,0.9554,0.9623,0.9623,-0.0069,-0.72%,0.9550,0.04%
159994,银华中证5G通信主题ETF行情,指数型-股票,0.8781,0.8781,0.8948,0.8948,-0.0167,-1.87%,0.8770,0.13%
159995,华夏国证半导体芯片ETF行情,指数型-股票,1.0690,1.0690,1.0786,1.0786,-0.0096,-0.89%,1.0710,-0.19%
159996,国泰中证全指家电ETF行情,指数型-股票,1.1634,1.1634,1.1712,1.1712,-0.0078,-0.67%,1.1620,0.12%
159997,天弘中证电子ETF行情,指数型-股票,1.0033,1.0033,1.0153,1.0153,-0.0120,-1.18%,1.0030,0.03%
159998,天弘中证计算机ETF行情,指数型-股票,0.9894,0.9894,1.0062,1.0062,-0.0168,-1.67%,0.9880,0.14%
510010,交银上证180公司治理ETF行情,指数型-股票,1.4110,1.5710,1.4180,1.5790,-0.0070,-0.49%,1.4090,0.14%
510020,博时上证超大盘ETF行情,指数型-股票,2.7298,1.0068,2.7501,1.0143,-0.0203,-0.74%,2.7290,0.03%
510030,华宝上证180价值ETF行情,指数型-股票,0.8070,2.2100,0.8110,2.2210,-0.0040,-0.49%,0.8060,0.12%
510050,华夏上证50ETF行情,指数型-股票,2.5710,3.7810,2.5860,3.7990,-0.0150,-0.58%,2.5690,0.08%
510060,工银上证央企ETF行情,指数型-股票,2.0530,1.3132,2.0624,1.3192,-0.0094,-0.46%,2.0580,-0.24%
510090,建信责任ETF行情,指数型-股票,2.2917,2.7340,2.3060,2.7510,-0.0143,-0.62%,2.3160,-1.06%
510100,易方达上证50ETF行情,指数型-股票,1.2867,1.0781,1.2939,1.0841,-0.0072,-0.56%,1.2860,0.05%
510110,海富通上证周期ETF行情,指数型-股票,3.7230,1.4941,3.7330,1.4981,-0.0100,-0.27%,3.7420,-0.51%
510130,中盘ETF行情,指数型-股票,5.4663,1.8801,5.5094,1.8949,-0.0431,-0.78%,5.4720,-0.10%
510150,招商上证消费80ETF行情,指数型-股票,0.5731,2.2666,0.5789,2.2895,-0.0058,-1.00%,0.5730,0.02%
510160,中证南方小康产业指数ETF行情,指数型-股票,0.7375,1.8348,0.7396,1.8401,-0.0021,-0.28%,0.7390,-0.20%
510170,国联安上证商品ETF行情,指数型-股票,0.8290,1.0290,0.8200,1.0170,0.0090,1.10%,0.8300,-0.12%
510180,华安上证180ETF行情,指数型-股票,3.4633,3.7687,3.4861,3.7899,-0.0228,-0.65%,3.4620,0.04%
510190,华安上证50ETF行情,指数型-股票,3.4328,1.3155,3.4519,1.3228,-0.0191,-0.55%,3.4290,0.11%
510200,汇安上证证券ETF行情,指数型-股票,1.0160,1.0160,1.0227,1.0227,-0.0067,-0.66%,1.0160,0.00%
510210,上证综指ETF行情,指数型-股票,0.8820,1.6390,0.8870,1.6480,-0.0050,-0.56%,0.8830,-0.11%
510230,国泰上证180金融ETF行情,指数型-股票,0.9818,1.6981,0.9890,1.7083,-0.0072,-0.73%,0.9810,0.08%
510270,中银上证国企100ETF行情,指数型-股票,1.2340,1.4400,1.2390,1.4460,-0.0050,-0.40%,1.2390,-0.41%
510290,南方上证380ETF行情,指数型-股票,2.0116,2.0116,2.0192,2.0192,-0.0076,-0.38%,2.0120,-0.02%
510300,华泰柏瑞沪深300ETF行情,指数型-股票,3.9088,1.6725,3.9374,1.6831,-0.0286,-0.73%,3.9070,0.05%
510310,易方达沪深300发起式ETF行情,指数型-股票,1.8646,1.8646,1.8783,1.8783,-0.0137,-0.73%,1.8660,-0.08%
510330,华夏沪深300ETF行情,指数型-股票,3.9129,1.8940,3.9417,1.9058,-0.0288,-0.73%,3.9090,0.10%
510350,工银瑞信沪深300ETF行情,指数型-股票,4.1142,1.0790,4.1440,1.0868,-0.0298,-0.72%,4.1110,0.08%
510360,广发沪深300ETF行情,指数型-股票,1.3871,1.3871,1.3972,1.3972,-0.0101,-0.72%,1.3860,0.08%
510370,兴业沪深300ETF行情,指数型-股票,0.8309,0.8309,0.8366,0.8366,-0.0057,-0.68%,0.8330,-0.25%
510380,国寿安保沪深300ETF行情,指数型-股票,1.0716,1.0716,1.0794,1.0794,-0.0078,-0.72%,1.0690,0.24%
510390,平安沪深300ETF行情,指数型-股票,4.0416,1.0935,4.0712,1.1006,-0.0296,-0.73%,4.0410,0.01%
510410,博时上证自然资源ETF行情,指数型-股票,1.1128,1.1128,1.0975,1.0975,0.0153,1.39%,1.1140,-0.11%
510500,南方中证500ETF行情,指数型-股票,6.1123,1.9625,6.1467,1.9736,-0.0344,-0.56%,6.1070,0.09%
510510,广发中证500ETF行情,指数型-股票,1.8421,1.8421,1.8523,1.8523,-0.0102,-0.55%,1.8400,0.11%
510530,工银中证500ETF行情,指数型-股票,6.2404,1.2064,6.2754,1.2132,-0.0350,-0.56%,6.2510,-0.17%
510550,方正富邦中证500ETF行情,指数型-股票,1.4987,1.4987,1.5064,1.5064,-0.0077,-0.51%,1.4980,0.05%
510560,国寿安保中证500ETF行情,指数型-股票,1.3589,0.6292,1.3665,0.6327,-0.0076,-0.56%,1.3640,-0.38%
510570,兴业中证500ETF行情,指数型-股票,0.9174,0.9174,0.9219,0.9219,-0.0045,-0.49%,0.9220,-0.50%
510580,易方达中证500ETF行情,指数型-股票,0.7279,1.1216,0.7320,1.1280,-0.0041,-0.56%,0.7270,0.12%
510590,平安中证500ETF行情,指数型-股票,6.2723,1.1634,6.3074,1.1692,-0.0351,-0.56%,6.2720,0.00%
510600,申万菱信上证50ETF行情,指数型-股票,3.1255,1.2735,3.1429,1.2806,-0.0174,-0.55%,3.1250,0.02%
510630,华夏消费ETF行情,指数型-股票,1.0522,4.2088,1.0683,4.2732,-0.0161,-1.51%,1.0530,-0.08%
510650,上证金融地产发起式ETF行情,指数型-股票,2.0076,2.0076,2.0223,2.0223,-0.0147,-0.73%,2.0080,-0.02%
510660,华夏医药ETF行情,指数型-股票,2.5050,2.5050,2.5147,2.5147,-0.0097,-0.39%,2.5050,0.00%
510680,万家上证50ETF行情,指数型-股票,2.5159,2.5159,2.5300,2.5300,-0.0141,-0.56%,2.5170,-0.04%
510710,博时上证50ETF行情,指数型-股票,3.3030,1.0211,3.3213,1.0267,-0.0183,-0.55%,3.3000,0.09%
510760,国泰上证综合交易ETF行情,指数型-股票,1.0697,1.0697,1.0744,1.0744,-0.0047,-0.44%,1.0690,0.07%
510770,申万菱信上证G60创新ETF行情,指数型-股票,0.7031,0.7031,0.7135,0.7135,-0.0104,-1.46%,0.7080,-0.70%
510800,建信上证50ETF行情,指数型-股票,1.1121,1.1121,1.1182,1.1182,-0.0061,-0.55%,1.1120,0.01%
510810,汇添富中证上海国企ETF行情,指数型-股票,0.8074,0.8374,0.8115,0.8415,-0.0041,-0.51%,0.8060,0.17%
510850,工银瑞信上证50ETF行情,指数型-股票,2.7715,1.1559,2.7868,1.1623,-0.0153,-0.55%,2.7660,0.20%
510880,华泰柏瑞上证红利ETF行情,指数型-股票,2.9517,2.6943,2.9467,2.6910,0.0050,0.17%,2.9480,0.13%
510900,易方达恒生国企ETF行情,QDII,0.8063,0.8563,0.8211,0.8711,-0.0148,-1.80%,0.8090,-0.33%
510990,工银瑞信中证180ESGETF行情,指数型-股票,0.8248,0.8248,0.8302,0.8302,-0.0054,-0.65%,0.8240,0.10%
511010,国泰上证5年期国债ETF行情,债券型-长债,131.7740,1.3310,131.7330,1.3300,0.0410,0.03%,131.7560,0.01%
511020,平安中证5-10年国债活跃券ETF行情,债券型-长债,109.5007,1.1480,109.4472,1.1475,0.0535,0.05%,109.4730,0.03%
511030,平安中债债利差因子ETF行情,债券型-长债,10.3001,1.1340,10.5476,1.1338,0.0025,0.02%,10.2580,0.41%
511060,海富通上证5年期ETF行情,债券型-长债,103.2706,1.1342,103.2570,1.1341,0.0136,0.01%,102.6260,0.62%
511090,鹏扬中债-30年期国债ETF行情,债券型-长债,101.1017,1.0110,100.9956,1.0100,0.1061,0.11%,101.2270,-0.12%
511180,海富通上证投资级可转债ETF行情,债券型-可转债,10.5964,1.0596,10.6102,1.0610,-0.0138,-0.13%,10.5950,0.01%
511220,海富通上证城投债ETF行情,债券型-长债,9.8724,1.3579,9.8704,1.3577,0.0020,0.02%,9.8430,0.30%
511260,国泰上证10年期国债ETF行情,债券型-长债,122.3090,1.2230,122.2320,1.2220,0.0770,0.06%,122.2330,0.06%
511270,海富通上证10年期ETF行情,债券型-长债,109.5850,1.2421,109.5639,1.2418,0.0211,0.02%,109.0160,0.52%
511360,海富通中证短融ETF行情,债券型-中短债,107.5622,1.0756,107.5519,1.0755,0.0103,0.01%,107.5850,-0.02%
511380,博时可转债ETF行情,债券型-可转债,11.3422,1.1342,11.3573,1.1357,-0.0151,-0.13%,11.3260,0.14%
511520,富国中债7-10年政策性金融债ETF行情,债券型-长债,102.6038,1.0260,102.5169,1.0252,0.0869,0.08%,102.5280,0.07%
511580,招商中证政策性金融债3-5年ETF行情,债券型-长债,102.7728,1.0277,102.7458,1.0275,0.0270,0.03%,102.7100,0.06%
512000,华宝券商ETF行情,指数型-股票,0.8490,0.8490,0.8550,0.8550,-0.0060,-0.70%,0.8490,0.00%
512010,易方达沪深300医药ETF行情,指数型-股票,0.4290,1.7160,0.4312,1.7248,-0.0022,-0.51%,0.4280,0.23%
512040,富国中证价值ETF行情,指数型-股票,1.8586,1.8586,1.8631,1.8631,-0.0045,-0.24%,1.8550,0.19%
512070,易方达沪深300非银ETF行情,指数型-股票,0.6296,1.8888,0.6355,1.9065,-0.0059,-0.93%,0.6290,0.10%
512090,易方达MSCI中国A股ETF行情,指数型-股票,1.4794,1.4794,1.4897,1.4897,-0.0103,-0.69%,1.4790,0.03%
512100,南方中证1000ETF行情,指数型-股票,2.6468,0.9675,2.6684,0.9754,-0.0216,-0.81%,2.6450,0.07%
512120,华安中证细分医药ETF行情,指数型-股票,0.4780,1.4340,0.4800,1.4400,-0.0020,-0.42%,0.4790,-0.21%
512150,汇安富时中国A50ETF行情,指数型-股票,1.4707,1.4707,1.4845,1.4845,-0.0138,-0.93%,1.4710,-0.02%
512160,南方MSCI中国A股国际通ETF行情,指数型-股票,1.1326,1.4226,1.1405,1.4305,-0.0079,-0.69%,1.1320,0.05%
512170,华宝中证医疗ETF行情,指数型-股票,0.4218,1.2654,0.4257,1.2771,-0.0039,-0.92%,0.4220,-0.05%
512180,建信MSCI中国A股国际通ETF行情,指数型-股票,1.3723,1.3723,1.3820,1.3820,-0.0097,-0.70%,1.3720,0.02%
512190,浙商之江凤凰ETF行情,指数型-股票,1.7153,1.7153,1.7248,1.7248,-0.0095,-0.55%,1.7080,0.43%
512200,南方中证房地产ETF行情,指数型-股票,0.6095,0.6095,0.6092,0.6092,0.0003,0.05%,0.6110,-0.25%
512220,景顺中证科技传媒通信150ETF行情,指数型-股票,1.5941,1.5941,1.6167,1.6167,-0.0226,-1.40%,1.5940,0.01%
512260,华安中证低波动ETF行情,指数型-股票,1.5670,1.5670,1.5716,1.5716,-0.0046,-0.29%,1.5640,0.19%
512280,景顺MSCI中国A股ETF行情,指数型-股票,1.4311,1.4311,1.4412,1.4412,-0.0101,-0.70%,1.4300,0.08%
512290,国泰中证生物医药ETF行情,指数型-股票,1.1156,1.1156,1.1216,1.1216,-0.0060,-0.53%,1.1140,0.14%
512320,工银MSCI中国ETF行情,指数型-股票,0.8730,0.8730,0.8791,0.8791,-0.0061,-0.69%,0.8760,-0.34%
512330,南方中证500信息技术ETF行情,指数型-股票,0.9838,0.9838,0.9946,0.9946,-0.0108,-1.09%,0.9840,-0.02%
512360,平安MSCI中国A股国际ETF行情,指数型-股票,1.4761,1.4761,1.4862,1.4862,-0.0101,-0.68%,1.4740,0.14%
512380,银华MSCI中国A股ETF行情,指数型-股票,1.2810,1.2810,1.2898,1.2898,-0.0088,-0.68%,1.2810,0.00%
512390,平安MSCI中国A股ETF行情,指数型-股票,1.2007,1.3477,1.2081,1.3551,-0.0074,-0.61%,1.2060,-0.44%
512400,南方中证申万有色金属ETF行情,指数型-股票,1.0691,1.0691,1.0496,1.0496,0.0195,1.86%,1.0700,-0.08%
512480,国联安中证半导体ETF行情,指数型-股票,0.9104,1.8208,0.9188,1.8376,-0.0084,-0.91%,0.9100,0.04%
512500,华夏中证500ETF行情,指数型-股票,3.2466,0.7107,3.2649,0.7147,-0.0183,-0.56%,3.2460,0.02%
512510,华泰柏瑞中证500ETF行情,指数型-股票,1.6266,0.8206,1.6354,0.8250,-0.0088,-0.54%,1.6250,0.10%
512520,华泰MSCI中国A股国际通ETF行情,指数型-股票,1.1529,1.4829,1.1611,1.4911,-0.0082,-0.71%,1.1530,-0.01%
512530,建信沪深300红利ETF行情,指数型-股票,1.2296,1.2296,1.2305,1.2305,-0.0009,-0.07%,1.2270,0.21%
512550,嘉实富时中国A50ETF行情,指数型-股票,1.3549,1.3549,1.3677,1.3677,-0.0128,-0.94%,1.3560,-0.08%
512560,易方达中证军工ETF行情,指数型-股票,0.6697,1.3394,0.6784,1.3568,-0.0087,-1.28%,0.6700,-0.04%
512570,易方达中证全指证券公司ETF行情,指数型-股票,0.8803,0.8803,0.8865,0.8865,-0.0062,-0.70%,0.8800,0.03%
512580,广发中证环保ETF行情,指数型-股票,1.2311,1.2311,1.2429,1.2429,-0.0118,-0.95%,1.2310,0.01%
512600,嘉实中证主要消费ETF行情,指数型-股票,0.7866,3.9330,0.8003,4.0015,-0.0137,-1.71%,0.7870,-0.05%
512640,嘉实中证金融地产ETF行情,指数型-股票,1.7967,1.7967,1.8088,1.8088,-0.0121,-0.67%,1.7950,0.09%
512650,添富中证长三角ETF行情,指数型-股票,0.9894,0.9894,0.9969,0.9969,-0.0075,-0.75%,0.9900,-0.06%
512660,国泰中证军工ETF行情,指数型-股票,1.1211,1.1211,1.1359,1.1359,-0.0148,-1.30%,1.1190,0.19%
512670,鹏华中证国防ETF行情,指数型-股票,0.8226,1.6452,0.8314,1.6628,-0.0088,-1.06%,0.8210,0.19%
512680,广发中证军工ETF行情,指数型-股票,1.1495,1.1495,1.1646,1.1646,-0.0151,-1.30%,1.1480,0.13%
512690,鹏华中证酒ETF行情,指数型-股票,0.7745,2.2490,0.7887,2.2774,-0.0142,-1.80%,0.7750,-0.06%
512700,南方中证银行ETF行情,指数型-股票,1.1381,1.2381,1.1440,1.2440,-0.0059,-0.52%,1.1360,0.18%
512710,富国中证军工龙头ETF行情,指数型-股票,0.7025,1.4050,0.7109,1.4218,-0.0084,-1.18%,0.7010,0.21%
512720,国泰中证计算机ETF行情,指数型-股票,1.2968,1.2968,1.3187,1.3187,-0.0219,-1.66%,1.2940,0.22%
512730,鹏华中证银行ETF行情,指数型-股票,1.1069,1.1069,1.1125,1.1125,-0.0056,-0.50%,1.1050,0.17%
512750,嘉实中证锐联基本面ETF行情,指数型-股票,1.1646,1.1646,1.1694,1.1694,-0.0048,-0.41%,1.1670,-0.21%
512760,国泰CES半导体芯片ETF行情,指数型-股票,1.0312,2.0624,1.0421,2.0842,-0.0109,-1.05%,1.0320,-0.08%
512770,华夏战略新兴成指ETF行情,指数型-股票,1.4456,1.4456,1.4607,1.4607,-0.0151,-1.03%,1.4420,0.25%
512800,华宝中证银行ETF行情,指数型-股票,1.0742,1.0742,1.0797,1.0797,-0.0055,-0.51%,1.0730,0.11%
512810,华宝中证军工ETF行情,指数型-股票,1.2640,1.2640,1.2802,1.2802,-0.0162,-1.27%,1.2610,0.24%
512820,汇添富中证银行ETF行情,指数型-股票,1.0876,1.0876,1.0933,1.0933,-0.0057,-0.52%,1.0880,-0.04%
512870,南华中证杭州湾区ETF行情,指数型-股票,1.3833,1.3833,1.3970,1.3970,-0.0137,-0.98%,1.3860,-0.20%
512880,国泰中证全指证券公司ETF行情,指数型-股票,0.8858,0.8858,0.8921,0.8921,-0.0063,-0.71%,0.8850,0.09%
512890,华泰柏瑞中证低波动ETF行情,指数型-股票,0.9175,1.8350,0.9191,1.8382,-0.0016,-0.17%,0.9190,-0.16%
512900,南方中证全指证券公司ETF行情,指数型-股票,0.8801,0.8801,0.8863,0.8863,-0.0062,-0.70%,0.8810,-0.10%
512910,广发中证100ETF行情,指数型-股票,1.1260,1.1260,1.1322,1.1322,-0.0062,-0.55%,1.1250,0.09%
512930,平安人工智能ETF行情,指数型-股票,1.3835,1.5335,1.4118,1.5618,-0.0283,-2.00%,1.3850,-0.11%
512950,华夏中证央企ETF行情,指数型-股票,1.3139,1.3139,1.3225,1.3225,-0.0086,-0.65%,1.3160,-0.16%
512960,博时央企结构调整ETF行情,指数型-股票,1.2728,1.3116,1.2811,1.3199,-0.0083,-0.65%,1.2730,-0.02%
512970,平安粤港澳大湾区ETF行情,指数型-股票,1.1725,1.1725,1.1808,1.1808,-0.0083,-0.70%,1.1680,0.38%
512980,广发中证传媒ETF行情,指数型-股票,0.8551,0.8551,0.8657,0.8657,-0.0106,-1.22%,0.8540,0.13%
512990,华夏MSCIA股国际通ETF行情,指数型-股票,1.5215,1.5215,1.5321,1.5321,-0.0106,-0.69%,1.5200,0.10%
513000,易方达日经225ETF行情,QDII,1.2747,1.2747,1.2783,1.2783,-0.0036,-0.28%,1.2750,-0.02%
513010,易方达恒生科技(QDII-ETF)行情,QDII,0.5558,0.5558,0.5643,0.5643,-0.0085,-1.51%,0.5560,-0.04%
513020,国泰中证港股通科技ETF行情,指数型-股票,0.7839,0.7839,0.7966,0.7966,-0.0127,-1.59%,0.7840,-0.01%
513030,华安德国(DAX)ETF(QDII)行情,QDII,---,---,1.2450,1.2450,---,---,1.2380,---
513040,易方达中证港股通互联网ETF行情,指数型-股票,1.0086,1.0086,1.0225,1.0225,-0.0139,-1.36%,1.0060,0.26%
513050,易方达中概互联50ETF行情,QDII,---,---,0.9993,0.9993,---,---,1.0120,---
513060,博时恒生医疗保健(QDII-ETF)行情,QDII,0.4942,0.4942,0.5071,0.5071,-0.0129,-2.54%,0.5000,-1.17%
513070,易方达中证港股通消费主题ETF行情,指数型-股票,0.9950,0.9950,1.0118,1.0118,-0.0168,-1.66%,0.9980,-0.30%
513080,华安法国CAC40ETF(QDII)行情,QDII,---,---,1.5284,1.5284,---,---,1.5160,---
513090,易方达中证香港证券投资ETF行情,指数型-股票,1.0824,1.0824,1.0908,1.0908,-0.0084,-0.77%,1.0850,-0.24%
513100,国泰纳斯达克100ETF行情,QDII,---,---,1.1100,5.5500,---,---,1.1100,---
513110,华泰柏瑞纳斯达克100ETF(QDII)行情,QDII,---,---,1.2731,1.2731,---,---,1.2750,---
513120,广发中证香港创新药ETF(QDII)行情,QDII,0.8142,0.8142,0.8368,0.8368,-0.0226,-2.70%,0.8200,-0.71%
513130,华泰柏瑞南方东英恒生科技(QDII-ETF)行情,QDII,0.5451,0.5451,0.5538,0.5538,-0.0087,-1.57%,0.5460,-0.17%
513140,华泰柏瑞中证香港300金融服务ETF(QDII)行情,QDII,1.0174,1.0174,1.0340,1.0340,-0.0166,-1.61%,1.0230,-0.55%
513150,华泰柏瑞港股通科技ETF行情,指数型-股票,0.8049,0.8049,0.8182,0.8182,-0.0133,-1.63%,0.8060,-0.14%
513160,银华恒生港股通中国科技ETF行情,指数型-股票,0.7798,0.7798,0.7914,0.7914,-0.0116,-1.47%,0.7800,-0.03%
513180,华夏恒生科技ETF(QDII)行情,QDII,0.5466,0.5466,0.5549,0.5549,-0.0083,-1.50%,0.5470,-0.07%
513200,易方达中证港股通医药卫生综合ETF行情,指数型-股票,0.8689,0.8689,0.8892,0.8892,-0.0203,-2.28%,0.8710,-0.24%
513220,招商中证全球中国互联网ETF(QDII)行情,QDII,---,---,0.9093,0.9093,---,---,0.8970,---
513230,华夏中证港股通消费主题ETF行情,指数型-股票,0.7945,0.7945,0.8081,0.8081,-0.0136,-1.68%,0.7990,-0.57%
513260,汇添富恒生科技ETF(QDII)行情,QDII,1.0379,1.0379,1.0536,1.0536,-0.0157,-1.49%,1.0380,-0.01%
513280,汇添富恒生香港上市生物科技ETF(QDII)行情,QDII,0.8150,0.8150,0.8371,0.8371,-0.0221,-2.64%,0.8190,-0.49%
513290,汇添富纳斯达克生物科技ETF(QDII)行情,QDII,---,---,1.0714,1.0714,---,---,1.0730,---
513300,华夏纳斯达克100ETF(QDII)行情,QDII,---,---,1.3788,1.3788,---,---,1.3910,---
513310,华泰柏瑞中韩半导体ETF(QDII)行情,QDII,1.2097,1.2097,1.2163,1.2163,-0.0066,-0.54%,1.2110,-0.11%
513320,易方达恒生港股通新经济ETF行情,指数型-股票,0.9762,0.9762,0.9923,0.9923,-0.0161,-1.62%,0.9800,-0.39%
513330,华夏恒生互联网科技业ETF(QDII)行情,QDII,0.4202,0.4202,0.4275,0.4275,-0.0073,-1.71%,0.4210,-0.19%
513360,博时全球中国教育(QDII-ETF)行情,QDII,---,---,0.5513,0.5513,---,---,0.5420,---
513380,广发恒生科技(QDII-ETF)行情,QDII,1.0011,1.0011,1.0163,1.0163,-0.0152,-1.50%,1.0040,-0.29%
513390,博时纳斯达克100ETF(QDII)行情,QDII,---,---,1.2290,1.2290,---,---,1.2290,---
513500,博时标普500ETF行情,QDII,---,---,1.5120,3.0240,---,---,1.5150,---
513520,华夏野村日经225ETF行情,QDII,1.2601,1.2601,1.2633,1.2633,-0.0032,-0.25%,1.2640,-0.31%
513530,华泰柏瑞中证港股通高股息投资ETF(QDII)行情,QDII,1.1418,1.1418,1.1529,1.1529,-0.0111,-0.96%,1.1500,-0.72%
513550,华泰柏瑞中证港股通50ETF行情,指数型-股票,0.8095,0.8095,0.8218,0.8218,-0.0123,-1.50%,0.8100,-0.06%
513560,兴银中证港股通科技ETF行情,指数型-股票,0.9303,0.9303,0.9454,0.9454,-0.0151,-1.60%,0.9300,0.03%
513580,华安恒生科技(QDII-ETF)行情,QDII,0.5504,0.5504,0.5589,0.5589,-0.0085,-1.52%,0.5500,0.07%
513590,鹏华中证港股通消费主题ETF行情,指数型-股票,0.7214,0.7214,0.7330,0.7330,-0.0116,-1.58%,0.7230,-0.22%
513600,南方恒指ETF行情,QDII,2.1385,1.1091,2.1723,1.1267,-0.0338,-1.56%,2.1480,-0.44%
513650,南方标普500ETF(QDII)行情,QDII,---,---,1.1611,1.1611,---,---,1.1590,---
513660,华夏沪港通恒生ETF行情,指数型-股票,2.2053,1.1449,2.2394,1.1626,-0.0341,-1.52%,2.2180,-0.58%
513690,博时恒生高股息ETF行情,指数型-股票,0.7720,0.7820,0.7821,0.7921,-0.0101,-1.29%,0.7770,-0.65%
513700,鹏华中证港股通医药卫生综合交易ETF行情,指数型-股票,0.5269,0.5269,0.5390,0.5390,-0.0121,-2.24%,0.5290,-0.40%
513770,华宝中证港股通互联网ETF行情,指数型-股票,0.7710,0.7710,0.7820,0.7820,-0.0110,-1.41%,0.7740,-0.39%
513800,南方顶峰TOPIX-ETF行情,QDII,1.2397,1.2397,1.2425,1.2425,-0.0028,-0.23%,1.2380,0.14%
513860,海富通中证港股通科技ETF行情,指数型-股票,0.5054,0.5054,0.5138,0.5138,-0.0084,-1.63%,0.5070,-0.32%
513880,华安日经225ETF行情,QDII,1.2095,1.2095,1.2150,1.2150,-0.0055,-0.45%,1.2100,-0.04%
513890,摩根恒生科技ETF(QDII)行情,QDII,0.7997,0.7997,0.8112,0.8112,-0.0115,-1.42%,0.8000,-0.04%
513900,华安CES港股通ETF行情,指数型-股票,0.8435,0.8435,0.8566,0.8566,-0.0131,-1.53%,0.8500,-0.77%
513950,富国恒生港股通高股息低波动ETF(QDII)行情,QDII,1.0241,1.0241,1.0375,1.0375,-0.0134,-1.29%,1.0260,-0.19%
513960,博时中证港股通消费主题ETF行情,指数型-股票,1.1661,1.1661,1.1857,1.1857,-0.0196,-1.65%,1.1690,-0.25%
513970,景顺长城恒生消费ETF(QDII)行情,QDII,0.9208,0.9208,0.9396,0.9396,-0.0188,-2.00%,0.9240,-0.35%
513980,景顺长城中证港股通科技ETF行情,指数型-股票,0.5072,0.5072,0.5155,0.5155,-0.0083,-1.61%,0.5100,-0.55%
513990,招商上证港股通ETF行情,指数型-股票,0.8436,0.8436,0.8566,0.8566,-0.0130,-1.52%,0.8490,-0.64%
515000,华宝中证科技龙头ETF行情,指数型-股票,1.3262,1.3262,1.3432,1.3432,-0.0170,-1.27%,1.3240,0.17%
515010,华夏中证全指证券公司ETF行情,指数型-股票,1.0100,1.0100,1.0171,1.0171,-0.0071,-0.70%,1.0080,0.20%
515020,华夏中证银行ETF行情,指数型-股票,1.1256,1.1256,1.1313,1.1313,-0.0057,-0.50%,1.1250,0.05%
515030,华夏中证新能源汽车ETF行情,指数型-股票,1.5554,1.5554,1.5555,1.5555,-0.0001,-0.01%,1.5550,0.03%
515050,华夏中证5G通信主题ETF行情,指数型-股票,1.0683,1.0683,1.0888,1.0888,-0.0205,-1.88%,1.0660,0.22%
515060,华夏中证全指房地产ETF行情,指数型-股票,0.7907,0.7907,0.7901,0.7901,0.0006,0.08%,0.7930,-0.29%
515070,华夏中证人工智能主题ETF行情,指数型-股票,1.1646,1.1646,1.1886,1.1886,-0.0240,-2.02%,1.1660,-0.12%
515080,招商中证红利ETF行情,指数型-股票,1.4401,1.6551,1.4419,1.6569,-0.0018,-0.12%,1.4400,0.01%
515090,博时可持续发展100ETF行情,指数型-股票,1.1540,1.1540,1.1641,1.1641,-0.0101,-0.87%,1.1520,0.17%
515100,景顺长城红利低波动100ETF行情,指数型-股票,1.7245,1.7245,1.7266,1.7266,-0.0021,-0.12%,1.7230,0.09%
515110,易方达中证国企一带一路ETF行情,指数型-股票,1.3115,1.3115,1.3211,1.3211,-0.0096,-0.73%,1.3110,0.04%
515120,广发中证创新药产业ETF行情,指数型-股票,0.6205,0.6205,0.6226,0.6226,-0.0021,-0.34%,0.6210,-0.08%
515130,博时沪深300ETF行情,指数型-股票,1.1788,1.1788,1.1873,1.1873,-0.0085,-0.72%,1.1790,-0.02%
515150,富国中证国企一带一路ETF行情,指数型-股票,1.2674,1.2674,1.2769,1.2769,-0.0095,-0.74%,1.2650,0.19%
515160,招商MSCI中国A股国际通ETF行情,指数型-股票,1.2277,1.2277,1.2363,1.2363,-0.0086,-0.70%,1.2280,-0.02%
515170,华夏中证细分食品饮料主题ETF行情,指数型-股票,0.6862,0.6862,0.6978,0.6978,-0.0116,-1.66%,0.6860,0.03%
515180,易方达中证红利ETF行情,指数型-股票,1.2949,1.4409,1.2965,1.4425,-0.0016,-0.12%,1.2930,0.15%
515190,中银证券中证500ETF行情,指数型-股票,1.2244,1.2244,1.2313,1.2313,-0.0069,-0.56%,1.2170,0.60%
515200,申万菱信中证研发创新100ETF行情,指数型-股票,1.7377,1.7377,1.7504,1.7504,-0.0127,-0.73%,1.7370,0.04%
515210,国泰中证钢铁ETF行情,指数型-股票,1.2773,1.3573,1.2688,1.3488,0.0085,0.67%,1.2780,-0.05%
515220,国泰中证煤炭ETF行情,指数型-股票,2.1210,2.2410,2.1048,2.2248,0.0162,0.77%,2.1210,0.00%
515230,国泰中证全指软件ETF行情,指数型-股票,0.9790,0.9790,0.9977,0.9977,-0.0187,-1.87%,0.9780,0.10%
515250,富国中证智能汽车主题ETF行情,指数型-股票,0.9328,0.9328,0.9484,0.9484,-0.0156,-1.64%,0.9300,0.30%
515260,华宝中证电子50ETF行情,指数型-股票,0.7720,0.7720,0.7802,0.7802,-0.0082,-1.05%,0.7700,0.26%
515280,富国中证银行ETF行情,指数型-股票,1.1049,1.1049,1.1106,1.1106,-0.0057,-0.51%,1.1050,-0.01%
515290,天弘中证银行ETF行情,指数型-股票,0.9543,0.9543,0.9592,0.9592,-0.0049,-0.51%,0.9530,0.14%
515300,嘉实沪深300红利低波动ETF行情,指数型-股票,1.3362,1.3362,1.3405,1.3405,-0.0043,-0.32%,1.3360,0.01%
515310,添富沪深300ETF行情,指数型-股票,1.0919,1.0919,1.1001,1.1001,-0.0082,-0.75%,1.0910,0.08%
515320,华安中证电子50ETF行情,指数型-股票,0.7408,0.7408,0.7489,0.7489,-0.0081,-1.08%,0.7400,0.11%
515330,天弘沪深300ETF行情,指数型-股票,1.0469,1.0469,1.0546,1.0546,-0.0077,-0.73%,1.0470,-0.01%
515350,民生加银沪深300ETF行情,指数型-股票,4.8306,1.2008,4.8655,1.2095,-0.0349,-0.72%,4.8280,0.05%
515360,方正富邦沪深300ETF行情,指数型-股票,5.0337,1.2424,5.0696,1.2513,-0.0359,-0.71%,5.0230,0.21%
515380,泰康沪深300ETF行情,指数型-股票,4.1650,1.0146,4.1956,1.0220,-0.0306,-0.73%,4.1670,-0.05%
515390,华安沪深300ETF行情,指数型-股票,1.0588,1.0588,1.0665,1.0665,-0.0077,-0.72%,1.0580,0.08%
515400,富国中证大数据产业ETF行情,指数型-股票,0.9804,0.9804,1.0010,1.0010,-0.0206,-2.06%,0.9820,-0.16%
515450,南方中国A股大盘红利低波50ETF行情,指数型-股票,1.3614,1.4714,1.3631,1.4731,-0.0017,-0.12%,1.3610,0.03%
515530,泰康中证500ETF行情,指数型-股票,3.1829,0.9946,3.2008,1.0002,-0.0179,-0.56%,3.1810,0.06%
515550,中融中证500ETF行情,指数型-股票,1.2963,1.2963,1.3027,1.3027,-0.0064,-0.49%,1.2890,0.56%
515560,建信中证全指证券公司ETF行情,指数型-股票,0.8069,0.8069,0.8125,0.8125,-0.0056,-0.69%,0.8060,0.11%
515570,山西中证红利ETF行情,指数型-股票,1.1649,1.1649,1.1712,1.1712,-0.0063,-0.54%,1.1640,0.08%
515580,华泰柏瑞中证科技100ETF行情,指数型-股票,0.8319,1.6638,0.8434,1.6868,-0.0115,-1.36%,0.8320,-0.01%
515590,前海开源中证500等权ETF行情,指数型-股票,1.4705,1.4705,1.4783,1.4783,-0.0078,-0.53%,1.4680,0.17%
515600,广发央企创新ETF行情,指数型-股票,1.4030,1.4030,1.4097,1.4097,-0.0067,-0.48%,1.4040,-0.07%
515630,鹏华中证800证保ETF行情,指数型-股票,1.0281,1.0281,1.0364,1.0364,-0.0083,-0.80%,1.0310,-0.28%
515650,富国中证消费50ETF行情,指数型-股票,1.1638,1.1638,1.1807,1.1807,-0.0169,-1.43%,1.1650,-0.10%
515660,国联安沪深300ETF行情,指数型-股票,4.4612,1.1522,4.4929,1.1604,-0.0317,-0.71%,4.4810,-0.44%
515670,中银中证100ETF行情,指数型-股票,0.9890,0.9890,0.9947,0.9947,-0.0057,-0.57%,0.9890,0.00%
515680,嘉实中证央企创新驱动ETF行情,指数型-股票,1.4193,1.4193,1.4260,1.4260,-0.0067,-0.47%,1.4200,-0.05%
515700,平安中证新能源汽车产业ETF行情,指数型-股票,2.0387,2.0387,2.0415,2.0415,-0.0028,-0.14%,2.0420,-0.16%
515710,华宝中证细分食品饮料主题ETF行情,指数型-股票,0.7170,0.7170,0.7289,0.7289,-0.0119,-1.63%,0.7180,-0.14%
515750,富国中证科技50策略ETF行情,指数型-股票,1.3562,1.3562,1.3748,1.3748,-0.0186,-1.35%,1.3550,0.09%
515760,华夏中证浙江国资创新发展ETF行情,指数型-股票,1.0931,1.0931,1.0977,1.0977,-0.0046,-0.42%,1.0940,-0.08%
515770,摩根MSCI中国A股ETF行情,指数型-股票,1.1311,1.1311,1.1389,1.1389,-0.0078,-0.68%,1.1300,0.10%
515780,浦银安盛MSCI中国A股ETF行情,指数型-股票,1.3036,1.3036,1.3128,1.3128,-0.0092,-0.70%,1.3080,-0.34%
515790,华泰柏瑞中证光伏产业ETF行情,指数型-股票,1.2149,1.2149,1.2337,1.2337,-0.0188,-1.52%,1.2130,0.16%
515800,添富中证800ETF行情,指数型-股票,1.0959,1.0959,1.1034,1.1034,-0.0075,-0.68%,1.0960,-0.01%
515810,易方达中证800ETF行情,指数型-股票,1.2029,1.2029,1.2111,1.2111,-0.0082,-0.68%,1.2040,-0.09%
515850,富国中证全指证券公司ETF行情,指数型-股票,1.0798,1.0798,1.0874,1.0874,-0.0076,-0.70%,1.0810,-0.11%
515860,嘉实新兴科技100ETF行情,指数型-股票,1.2484,1.2484,1.2638,1.2638,-0.0154,-1.22%,1.2450,0.27%
515880,国泰中证全指通信设备ETF行情,指数型-股票,1.2712,1.2712,1.3058,1.3058,-0.0346,-2.65%,1.2730,-0.14%
515890,博时红利ETF行情,指数型-股票,1.3007,1.4607,1.3025,1.4625,-0.0018,-0.14%,1.3000,0.05%
515900,博时央企创新驱动ETF行情,指数型-股票,1.4065,1.4065,1.4131,1.4131,-0.0066,-0.47%,1.4090,-0.18%
515910,中金MSCI中国A股国际质量ETF行情,指数型-股票,0.6069,0.6069,0.6109,0.6109,-0.0040,-0.65%,0.6060,0.15%
515920,博时智能消费ETF行情,指数型-股票,0.7705,0.7705,0.7779,0.7779,-0.0074,-0.95%,0.7690,0.19%
515950,富国中证医药50ETF行情,指数型-股票,1.1571,1.1571,1.1610,1.1610,-0.0039,-0.34%,1.1570,0.01%
515960,嘉实医药健康100ETF行情,指数型-股票,0.8559,0.8559,0.8623,0.8623,-0.0064,-0.74%,0.8570,-0.13%
515980,华富中证人工智能产业ETF行情,指数型-股票,1.0112,1.0112,1.0347,1.0347,-0.0235,-2.27%,1.0120,-0.08%
515990,添富中证国企一带一路ETF行情,指数型-股票,1.3002,1.3002,1.3101,1.3101,-0.0099,-0.76%,1.2990,0.09%
516000,华夏中证大数据产业ETF行情,指数型-股票,1.0390,1.0390,1.0610,1.0610,-0.0220,-2.07%,1.0430,-0.38%
516010,国泰中证动漫游戏ETF行情,指数型-股票,1.3278,1.3278,1.3492,1.3492,-0.0214,-1.59%,1.3290,-0.09%
516020,华宝化工ETF行情,指数型-股票,0.7015,0.7015,0.7037,0.7037,-0.0022,-0.31%,0.7010,0.07%
516050,工银中证科技龙头ETF行情,指数型-股票,0.6842,0.6842,0.6931,0.6931,-0.0089,-1.28%,0.6850,-0.12%
516060,工银瑞信中证创新药产业ETF行情,指数型-股票,0.5706,0.5706,0.5725,0.5725,-0.0019,-0.33%,0.5720,-0.25%
516070,易方达中证内地低碳经济ETF行情,指数型-股票,0.5342,1.0684,0.5395,1.0790,-0.0053,-0.98%,0.5350,-0.15%
516080,易方达中证创新药产业ETF行情,指数型-股票,0.6151,0.6151,0.6170,0.6170,-0.0019,-0.31%,0.6150,0.02%
516090,易方达中证新能源ETF行情,指数型-股票,0.5346,1.0692,0.5391,1.0782,-0.0045,-0.83%,0.5360,-0.26%
516100,华夏中证金融科技主题ETF行情,指数型-股票,0.9442,0.9442,0.9617,0.9617,-0.0175,-1.82%,0.9440,0.02%
516110,国泰中证800汽车与零部件ETF行情,指数型-股票,1.0783,1.0783,1.0962,1.0962,-0.0179,-1.63%,1.0770,0.12%
516120,富国中证细分化工产业主题ETF行情,指数型-股票,0.7094,0.7094,0.7115,0.7115,-0.0021,-0.30%,0.7100,-0.08%
516130,华宝中证消费龙头ETF行情,指数型-股票,0.8013,0.8013,0.8132,0.8132,-0.0119,-1.46%,0.8020,-0.09%
516150,嘉实中证稀土产业ETF行情,指数型-股票,1.1671,1.1671,1.1286,1.1286,0.0385,3.41%,1.1690,-0.16%
516160,南方中证新能源ETF行情,指数型-股票,0.8696,0.8696,0.8770,0.8770,-0.0074,-0.84%,0.8690,0.07%
516180,平安中证光伏产业ETF行情,指数型-股票,1.0029,1.0029,1.0180,1.0180,-0.0151,-1.48%,1.0020,0.09%
516190,华夏中证文娱传媒ETF行情,指数型-股票,1.1106,1.1106,1.1257,1.1257,-0.0151,-1.34%,1.1090,0.14%
516200,华安中证全指证券公司ETF行情,指数型-股票,0.8568,0.8568,0.8628,0.8628,-0.0060,-0.70%,0.8580,-0.14%
516210,华安中证银行ETF行情,指数型-股票,0.9170,0.9170,0.9216,0.9216,-0.0046,-0.50%,0.9170,0.00%
516220,国泰中证细分化工产业主题ETF行情,指数型-股票,0.7392,0.7392,0.7414,0.7414,-0.0022,-0.30%,0.7400,-0.11%
516260,华夏中证物联网主题ETF行情,指数型-股票,0.8237,0.8237,0.8279,0.8279,-0.0042,-0.51%,0.8230,0.08%
516270,华安中证内地新能源主题ETF行情,指数型-股票,0.6558,0.6558,0.6622,0.6622,-0.0064,-0.97%,0.6550,0.12%
516290,汇添富中证光伏产业ETF行情,指数型-股票,0.7513,0.7513,0.7629,0.7629,-0.0116,-1.52%,0.7510,0.04%
516300,华泰柏瑞中证1000ETF行情,指数型-股票,1.0677,1.0677,1.0763,1.0763,-0.0086,-0.80%,1.0670,0.07%
516310,易方达中证银行ETF行情,指数型-股票,0.8671,0.8671,0.8715,0.8715,-0.0044,-0.50%,0.8680,-0.10%
516320,华夏中证装备产业ETF行情,指数型-股票,0.8744,0.8744,0.8813,0.8813,-0.0069,-0.78%,0.8740,0.05%
516330,华泰柏瑞中证物联网主题ETF行情,指数型-股票,0.9950,0.9950,1.0002,1.0002,-0.0052,-0.52%,0.9950,0.00%
516350,易方达中证芯片产业ETF行情,指数型-股票,0.7266,0.7266,0.7344,0.7344,-0.0078,-1.06%,0.7280,-0.19%
516360,华宝新材料ETF行情,指数型-股票,0.8819,0.8819,0.8917,0.8917,-0.0098,-1.10%,0.8830,-0.12%
516380,华宝智能电动汽车ETF行情,指数型-股票,0.8247,0.8247,0.8305,0.8305,-0.0058,-0.70%,0.8230,0.21%
516390,汇添富中证新能源汽车产业ETF行情,指数型-股票,0.8368,0.8368,0.8379,0.8379,-0.0011,-0.13%,0.8360,0.10%
516480,国联安中证新材料主题ETF行情,指数型-股票,0.7703,0.7703,0.7787,0.7787,-0.0084,-1.08%,0.7670,0.43%
516500,华夏中证生物科技主题ETF行情,指数型-股票,0.6823,0.6823,0.6871,0.6871,-0.0048,-0.70%,0.6820,0.04%
516510,易方达中证云计算ETF行情,指数型-股票,1.1729,1.1729,1.2001,1.2001,-0.0272,-2.27%,1.1720,0.08%
516520,华泰柏瑞中证智能汽车主题ETF行情,指数型-股票,0.9964,0.9964,1.0123,1.0123,-0.0159,-1.57%,1.0080,-1.16%
516530,银华中证现代物流ETF行情,指数型-股票,0.8388,0.8388,0.8419,0.8419,-0.0031,-0.37%,0.8390,-0.02%
516550,嘉实中证大农业ETF行情,指数型-股票,0.6750,0.6750,0.6821,0.6821,-0.0071,-1.04%,0.6750,0.00%
516560,华宝中证养老产业ETF行情,指数型-股票,0.8346,0.8346,0.8412,0.8412,-0.0066,-0.78%,0.8350,-0.05%
516570,易方达中证石化产业ETF行情,指数型-股票,0.7724,0.7724,0.7740,0.7740,-0.0016,-0.21%,0.7720,0.05%
516580,博时中证新能源ETF行情,指数型-股票,0.6714,0.6714,0.6771,0.6771,-0.0057,-0.84%,0.6710,0.06%
516590,易方达中证智能电动汽车ETF行情,指数型-股票,1.0224,1.0224,1.0295,1.0295,-0.0071,-0.69%,1.0220,0.04%
516600,工银瑞信中证消费服务领先ETF行情,指数型-股票,0.6149,0.6149,0.6211,0.6211,-0.0062,-1.00%,0.6150,-0.02%
516610,大成中证全指医疗保健设备与服务ETF行情,指数型-股票,0.6154,0.6154,0.6205,0.6205,-0.0051,-0.82%,0.6150,0.06%
516620,国泰中证影视主题ETF行情,指数型-股票,1.0385,1.0385,1.0504,1.0504,-0.0119,-1.13%,1.0370,0.14%
516630,华夏中证云计算ETF行情,指数型-股票,1.1587,1.1587,1.1858,1.1858,-0.0271,-2.29%,1.1620,-0.28%
516640,富国中证芯片产业ETF行情,指数型-股票,0.6742,0.6742,0.6816,0.6816,-0.0074,-1.09%,0.6750,-0.12%
516650,华夏细分有色金属产业主题ETF行情,指数型-股票,1.0116,1.0116,0.9928,0.9928,0.0188,1.89%,1.0120,-0.04%
516660,华安中证新能源汽车ETF行情,指数型-股票,0.9632,0.9632,0.9632,0.9632,0.0000,0.00%,0.9610,0.23%
516670,招商中证畜牧养殖ETF行情,指数型-股票,0.7334,0.7334,0.7446,0.7446,-0.0112,-1.50%,0.7350,-0.22%
516690,银华中证细分化工产业主题ETF行情,指数型-股票,0.6577,0.6577,0.6598,0.6598,-0.0021,-0.32%,0.6570,0.11%
516700,华宝大数据ETF行情,指数型-股票,1.0328,1.0328,1.0539,1.0539,-0.0211,-2.00%,1.0310,0.17%
516710,华夏中证新材料主题ETF行情,指数型-股票,0.6351,0.6351,0.6423,0.6423,-0.0072,-1.12%,0.6350,0.02%
516720,浦银安盛中证ESG120策略ETF行情,指数型-股票,0.8380,0.8380,0.8443,0.8443,-0.0063,-0.75%,0.8370,0.12%
516730,浦银安盛中证证券公司30ETF行情,指数型-股票,0.7949,0.7949,0.8007,0.8007,-0.0058,-0.72%,0.7920,0.36%
516750,富国中证全指建筑材料ETF行情,指数型-股票,0.7737,0.7737,0.7850,0.7850,-0.0113,-1.44%,0.7750,-0.17%
516760,平安中证畜牧养殖ETF行情,指数型-股票,0.7156,0.7156,0.7264,0.7264,-0.0108,-1.49%,0.7150,0.08%
516770,华泰柏瑞中证动漫游戏ETF行情,指数型-股票,1.3365,1.3365,1.3578,1.3578,-0.0213,-1.57%,1.3410,-0.34%
516780,华泰柏瑞中证稀土产业ETF行情,指数型-股票,1.1006,1.1006,1.0646,1.0646,0.0360,3.38%,1.1030,-0.22%
516790,华泰柏瑞中证医疗保健ETF行情,指数型-股票,0.7095,0.7095,0.7153,0.7153,-0.0058,-0.81%,0.7090,0.07%
516800,华宝中证智能制造ETF行情,指数型-股票,1.0498,1.0498,1.0571,1.0571,-0.0073,-0.69%,1.0430,0.65%
516810,华夏中证农业主题ETF行情,指数型-股票,0.7396,0.7396,0.7483,0.7483,-0.0087,-1.16%,0.7400,-0.05%
516820,平安医药及医疗器械创新ETF行情,指数型-股票,0.4160,0.4160,0.4198,0.4198,-0.0038,-0.91%,0.4150,0.24%
516830,富国沪深300ESG基准ETF行情,指数型-股票,0.7814,0.7814,0.7872,0.7872,-0.0058,-0.74%,0.7810,0.05%
516850,华夏中证新能源ETF行情,指数型-股票,1.0356,1.0356,1.0445,1.0445,-0.0089,-0.85%,1.0350,0.06%
516860,博时金融科技ETF行情,指数型-股票,0.9856,0.9856,1.0040,1.0040,-0.0184,-1.83%,0.9860,-0.04%
516880,银华中证光伏产业ETF行情,指数型-股票,1.0047,1.0047,1.0200,1.0200,-0.0153,-1.50%,1.0030,0.17%
516890,平安中证新材料主题ETF行情,指数型-股票,0.6634,0.6634,0.6708,0.6708,-0.0074,-1.10%,0.6620,0.21%
516900,华安中证申万食品饮料ETF行情,指数型-股票,0.7432,0.7432,0.7563,0.7563,-0.0131,-1.73%,0.7440,-0.11%
516910,富国中证现代物流ETF行情,指数型-股票,0.9734,0.9734,0.9772,0.9772,-0.0038,-0.39%,0.9710,0.25%
516920,汇添富中证芯片产业ETF行情,指数型-股票,0.6570,0.6570,0.6642,0.6642,-0.0072,-1.08%,0.6580,-0.15%
516930,民生加银中证生物科技主题ETF行情,指数型-股票,0.5550,0.5550,0.5589,0.5589,-0.0039,-0.70%,0.5550,0.00%
516950,银华中证基建ETF行情,指数型-股票,1.1079,1.1079,1.1084,1.1084,-0.0005,-0.05%,1.1100,-0.19%
516960,国泰细分机械设备产业主题ETF行情,指数型-股票,0.9086,0.9086,0.9146,0.9146,-0.0060,-0.66%,0.9070,0.18%
516970,广发中证基建工程ETF行情,指数型-股票,1.2294,1.2294,1.2288,1.2288,0.0006,0.05%,1.2310,-0.13%
516980,华富中证证券公司先锋策略ETF行情,指数型-股票,0.8727,0.8727,0.8790,0.8790,-0.0063,-0.72%,0.8790,-0.72%
517000,银华中证沪港深500ETF行情,指数型-股票,0.7483,0.7483,0.7560,0.7560,-0.0077,-1.02%,0.7480,0.04%
517010,易方达中证沪港深500ETF行情,指数型-股票,0.8432,0.8432,0.8518,0.8518,-0.0086,-1.01%,0.8440,-0.09%
517030,易方达中证沪港深300ETF行情,指数型-股票,0.8542,0.8542,0.8616,0.8616,-0.0074,-0.86%,0.8550,-0.09%
517050,华泰柏瑞中证沪港深互联网ETF行情,指数型-股票,0.6469,0.6469,0.6562,0.6562,-0.0093,-1.42%,0.6460,0.14%
517080,汇添富中证沪港深500ETF行情,指数型-股票,0.7519,0.7519,0.7597,0.7597,-0.0078,-1.03%,0.7510,0.12%
517090,国泰富时中国国企开放共赢ETF行情,指数型-股票,1.3002,1.3002,1.3016,1.3016,-0.0014,-0.11%,1.3050,-0.37%
517100,富国中证沪港深500ETF行情,指数型-股票,0.7528,0.7528,0.7608,0.7608,-0.0080,-1.05%,0.7530,-0.03%
517110,国泰中证沪港深创新药产业ETF行情,指数型-股票,0.6097,0.6097,0.6155,0.6155,-0.0058,-0.94%,0.6130,-0.54%
517120,华泰柏瑞中证创新药产业ETF行情,指数型-股票,0.5583,0.5583,0.5638,0.5638,-0.0055,-0.98%,0.5590,-0.13%
517160,南方中证长江保护主题ETF行情,指数型-股票,0.7458,0.7458,0.7510,0.7510,-0.0052,-0.69%,0.7440,0.24%
517170,华夏中证沪港深500ETF行情,指数型-股票,0.7719,0.7719,0.7802,0.7802,-0.0083,-1.06%,0.7730,-0.14%
517180,南方富时中国国企开放共赢ETF行情,指数型-股票,1.3725,1.3725,1.3742,1.3742,-0.0017,-0.12%,1.3800,-0.55%
517200,嘉实中证沪港深互联网ETF行情,指数型-股票,0.6049,0.6049,0.6138,0.6138,-0.0089,-1.45%,0.6040,0.15%
517270,浦银安盛中证沪港深科技龙头ETF行情,指数型-股票,0.7839,0.7839,0.7919,0.7919,-0.0080,-1.01%,0.7810,0.37%
517280,天弘中证沪港深线上消费主题ETF行情,指数型-股票,0.9004,0.9004,0.9138,0.9138,-0.0134,-1.47%,0.9020,-0.18%
517300,国寿安保中证沪港深300ETF行情,指数型-股票,0.7091,0.7091,0.7157,0.7157,-0.0066,-0.92%,0.7070,0.30%
517330,易方达中证长江保护主题ETF行情,指数型-股票,0.7499,0.7499,0.7551,0.7551,-0.0052,-0.69%,0.7500,-0.01%
517350,广发中证沪港深科技龙头ETF行情,指数型-股票,0.6257,0.6257,0.6318,0.6318,-0.0061,-0.97%,0.6230,0.43%
517360,华安中证沪港深科技100ETF行情,指数型-股票,0.8165,0.8165,0.8278,0.8278,-0.0113,-1.37%,0.8150,0.18%
517380,天弘恒生沪深港创新药精选50ETF行情,指数型-股票,0.5944,0.5944,0.5989,0.5989,-0.0045,-0.75%,0.5940,0.07%
517390,天弘中证沪港深云计算产业ETF行情,指数型-股票,1.0118,1.0118,1.0339,1.0339,-0.0221,-2.14%,1.0150,-0.32%
517500,国泰中证沪港深动漫游戏ETF行情,指数型-股票,1.4581,1.4581,1.4770,1.4770,-0.0189,-1.28%,1.4610,-0.20%
517550,招商中证沪港深消费龙头ETF行情,指数型-股票,0.7746,0.7746,0.7867,0.7867,-0.0121,-1.54%,0.7740,0.08%
517660,天弘中证沪港深物联网主题ETF行情,指数型-股票,0.8429,0.8429,0.8479,0.8479,-0.0050,-0.59%,0.8400,0.34%
517760,浦银安盛中证沪港深消费龙头ETF行情,指数型-股票,0.9185,0.9185,0.9320,0.9320,-0.0135,-1.45%,0.9160,0.27%
517770,浦银安盛中证沪港深游戏及文化传媒ETF行情,指数型-股票,1.0022,1.0022,1.0142,1.0142,-0.0120,-1.18%,1.0030,-0.08%
517800,方正富邦沪港深人工智能50ETF行情,指数型-股票,0.7255,0.7255,0.7383,0.7383,-0.0128,-1.73%,0.7240,0.21%
517850,汇添富中证沪港深张江自主创新50ETF行情,指数型-股票,0.9164,0.9164,0.9289,0.9289,-0.0125,-1.35%,0.9190,-0.28%
517880,华泰柏瑞中证品牌消费50ETF行情,指数型-股票,0.8309,0.8309,0.8407,0.8407,-0.0098,-1.17%,0.8300,0.11%
517900,招商中证银行AH价格优选ETF行情,指数型-股票,0.9548,0.9548,0.9665,0.9665,-0.0117,-1.21%,0.9580,-0.34%
517960,摩根中证沪港深科技100ETF行情,指数型-股票,0.9054,0.9054,0.9175,0.9175,-0.0121,-1.32%,0.9030,0.27%
517990,招商中证沪港深500医药卫生ETF行情,指数型-股票,0.9117,0.9117,0.9203,0.9203,-0.0086,-0.93%,0.9100,0.19%
518600,广发上海金ETF行情,商品（不含QDII）,4.3502,1.0655,4.3469,1.0647,0.0033,0.08%,4.3390,0.26%
518660,工银瑞信黄金ETF行情,商品（不含QDII）,4.3786,1.1348,4.3716,1.1329,0.0070,0.16%,4.3770,0.04%
518680,富国上海金ETF行情,商品（不含QDII）,4.3640,1.0896,4.3606,1.0888,0.0034,0.08%,4.3650,-0.02%
518800,国泰黄金ETF行情,商品（不含QDII）,4.3176,1.6332,4.3106,1.6306,0.0070,0.16%,4.3140,0.08%
518850,华夏黄金ETF行情,商品（不含QDII）,4.3956,1.1315,4.3886,1.1297,0.0070,0.16%,4.3900,0.13%
518860,建信上海金ETF行情,商品（不含QDII）,4.3964,1.0447,4.3932,1.0439,0.0032,0.07%,4.3880,0.19%
518880,华安黄金易ETF行情,商品（不含QDII）,4.3708,1.6505,4.3635,1.6477,0.0073,0.17%,4.3670,0.09%
518890,中银上海金ETF行情,商品（不含QDII）,4.4105,1.0613,4.4071,1.0605,0.0034,0.08%,4.4040,0.15%
560000,浦银安盛中证智能电动汽车ETF行情,指数型-股票,0.7362,0.7362,0.7411,0.7411,-0.0049,-0.66%,---,---
560010,广发中证1000ETF行情,指数型-股票,2.6354,0.9302,2.6570,0.9378,-0.0216,-0.81%,---,---
560030,汇添富中证800价值ETF行情,指数型-股票,---,---,---,---,---,---,---,---
560050,汇添富MSCI中国A50互联互通ETF行情,指数型-股票,0.7676,0.7676,0.7740,0.7740,-0.0064,-0.83%,---,---
560060,汇添富中证上海环交所碳中和ETF行情,指数型-股票,0.7925,0.7925,0.7958,0.7958,-0.0033,-0.41%,---,---
560070,汇添富中证国新央企股东回报ETF行情,指数型-股票,1.0140,1.0140,1.0154,1.0154,-0.0014,-0.14%,---,---
560080,汇添富中证中药ETF行情,指数型-股票,1.2450,1.2450,1.2574,1.2574,-0.0124,-0.99%,---,---
560090,汇添富中证全指证券公司ETF行情,指数型-股票,0.9630,0.9630,0.9698,0.9698,-0.0068,-0.70%,---,---
560100,南方中证500增强策略ETF行情,指数型-股票,0.9464,0.9464,0.9525,0.9525,-0.0061,-0.64%,---,---
560110,汇添富中证1000ETF行情,指数型-股票,0.9452,0.9452,0.9529,0.9529,-0.0077,-0.81%,---,---
560170,南方中证国新央企科技引领ETF行情,指数型-股票,0.9997,0.9997,---,---,---,---,---,---
560180,南方沪深300ESG基准ETF行情,指数型-股票,0.9491,0.9491,0.9560,0.9560,-0.0069,-0.72%,---,---
560330,申万菱信沪深300价值ETF行情,指数型-股票,0.9711,0.9711,0.9754,0.9754,-0.0043,-0.44%,---,---
560500,鹏扬中证500质量成长ETF行情,指数型-股票,0.8653,0.8653,0.8691,0.8691,-0.0038,-0.44%,---,---
560550,广发中证上海环交所碳中和ETF行情,指数型-股票,0.7884,0.7884,0.7916,0.7916,-0.0032,-0.40%,---,---
560560,泰康中证内地低碳经济ETF行情,指数型-股票,0.6934,0.6934,0.7004,0.7004,-0.0070,-1.00%,---,---
560580,南方中证全指电力公用事业ETF行情,指数型-股票,1.0001,1.0001,1.0022,1.0022,-0.0021,-0.21%,---,---
560600,方正富邦中证医药及医疗器械创新ETF行情,指数型-股票,0.6708,0.6708,0.6769,0.6769,-0.0061,-0.90%,---,---
560650,民生加银中证企业核心竞争力50ETF行情,指数型-股票,0.9689,0.9689,0.9754,0.9754,-0.0065,-0.67%,---,---
560660,新华中证云计算50ETF行情,指数型-股票,1.0735,1.0735,1.0986,1.0986,-0.0251,-2.28%,---,---
560680,广发中证主要消费ETF行情,指数型-股票,1.0196,1.0196,1.0373,1.0373,-0.0177,-1.71%,---,---
560700,广发中证国新央企股东回报ETF行情,指数型-股票,1.0140,1.0140,1.0154,1.0154,-0.0014,-0.14%,---,---
560800,鹏扬中证数字经济主题ETF行情,指数型-股票,0.7200,0.7200,0.7270,0.7270,-0.0070,-0.96%,---,---
560860,万家中证工业有色金属主题ETF行情,指数型-股票,0.9121,0.9121,0.8910,0.8910,0.0211,2.37%,---,---
560880,广发中证全指家用电器ETF行情,指数型-股票,1.1869,1.1869,1.1950,1.1950,-0.0081,-0.68%,---,---
560900,摩根中证创新药产业ETF行情,指数型-股票,0.8934,0.8934,0.8964,0.8964,-0.0030,-0.33%,---,---
560960,摩根中证碳中和60ETF行情,指数型-股票,0.9019,0.9019,0.9076,0.9076,-0.0057,-0.63%,---,---
560980,广发中证光伏龙头30ETF行情,指数型-股票,0.8269,0.8269,0.8406,0.8406,-0.0137,-1.63%,---,---
560990,中金中证科技先锋ETF行情,指数型-股票,0.9063,0.9063,0.9158,0.9158,-0.0095,-1.04%,---,---
561000,华安沪深300增强策略ETF行情,指数型-股票,0.9980,0.9980,1.0033,1.0033,-0.0053,-0.53%,---,---
561100,富国中证消费电子主题ETF行情,指数型-股票,0.7645,0.7645,0.7693,0.7693,-0.0048,-0.62%,---,---
561120,富国中证全指家用电器ETF行情,指数型-股票,1.0127,1.0127,1.0193,1.0193,-0.0066,-0.65%,---,---
561130,富国中证新华社民族品牌工程ETF行情,指数型-股票,0.7890,0.7890,0.7973,0.7973,-0.0083,-1.04%,---,---
561160,富国中证电池主题ETF行情,指数型-股票,0.6552,0.6552,0.6608,0.6608,-0.0056,-0.85%,---,---
561170,富国中证绿色电力ETF行情,指数型-股票,1.0411,1.0411,1.0434,1.0434,-0.0023,-0.22%,---,---
561180,富国中证100ETF行情,指数型-股票,1.0221,1.0221,1.0283,1.0283,-0.0062,-0.60%,---,---
561190,富国中证上海环交所碳中和ETF行情,指数型-股票,0.7954,0.7954,0.7986,0.7986,-0.0032,-0.40%,---,---
561300,国泰沪深300增强策略ETF行情,指数型-股票,0.7516,0.7516,0.7565,0.7565,-0.0049,-0.65%,---,---
561310,国泰中证消费电子主题ETF行情,指数型-股票,0.7037,0.7037,0.7080,0.7080,-0.0043,-0.61%,---,---
561320,国泰中证内地运输主题ETF行情,指数型-股票,0.9302,0.9302,0.9333,0.9333,-0.0031,-0.33%,---,---
561330,国泰中证有色金属矿业主题ETF行情,指数型-股票,1.0195,1.0195,0.9988,0.9988,0.0207,2.07%,---,---
561350,国泰中证500ETF行情,指数型-股票,0.8970,0.8970,0.9023,0.9023,-0.0053,-0.59%,---,---
561500,华泰柏瑞中证企业核心竞争力50ETF行情,指数型-股票,0.7574,0.7574,0.7629,0.7629,-0.0055,-0.72%,---,---
561510,华泰柏瑞中证中药ETF行情,指数型-股票,1.2103,1.2103,1.2221,1.2221,-0.0118,-0.97%,---,---
561550,华泰柏瑞中证500增强策略ETF行情,指数型-股票,0.9020,0.9020,0.9063,0.9063,-0.0043,-0.47%,---,---
561560,华泰柏瑞中证全指电力公用事业ETF行情,指数型-股票,1.1266,1.1266,1.1292,1.1292,-0.0026,-0.23%,---,---
561580,华泰柏瑞中证中央企业红利ETF行情,指数型-股票,1.0046,1.0046,1.0063,1.0063,-0.0017,-0.17%,---,---
561590,华泰柏瑞中证1000增强策略ETF行情,指数型-股票,1.0208,1.0208,1.0300,1.0300,-0.0092,-0.89%,---,---
561600,平安中证消费电子主题ETF行情,指数型-股票,0.7476,0.7476,0.7524,0.7524,-0.0048,-0.64%,---,---
561700,博时中证全指电力公用事业ETF行情,指数型-股票,0.9946,0.9946,0.9968,0.9968,-0.0022,-0.22%,---,---
561710,博时中证疫苗与生物技术ETF行情,指数型-股票,0.7653,0.7653,0.7721,0.7721,-0.0068,-0.88%,---,---
561800,华富中证稀有金属主题ETF行情,指数型-股票,0.6878,0.6878,0.6697,0.6697,0.0181,2.70%,---,---
561900,招商沪深300ESG基准ETF行情,指数型-股票,0.7930,0.7930,0.7989,0.7989,-0.0059,-0.74%,---,---
561910,招商中证电池主题ETF行情,指数型-股票,0.6420,0.6420,0.6474,0.6474,-0.0054,-0.83%,---,---
561920,招商中证疫苗与生物技术ETF行情,指数型-股票,0.8551,0.8551,0.8627,0.8627,-0.0076,-0.88%,---,---
561950,招商中证500增强策略ETF行情,指数型-股票,0.9520,0.9520,0.9582,0.9582,-0.0062,-0.65%,---,---
561960,招商中证国新央企股东回报ETF行情,指数型-股票,1.0150,1.0150,1.0163,1.0163,-0.0013,-0.13%,---,---
561990,招商沪深300增强策略ETF行情,指数型-股票,0.8163,0.8163,0.8227,0.8227,-0.0064,-0.78%,---,---
562000,华宝中证100ETF行情,指数型-股票,0.9139,0.9139,0.9191,0.9191,-0.0052,-0.57%,---,---
562010,华宝中证绿色能源ETF行情,指数型-股票,0.9139,0.9139,0.9224,0.9224,-0.0085,-0.92%,---,---
562300,银华中证内地低碳经济主题ETF行情,指数型-股票,0.7006,0.7006,0.7077,0.7077,-0.0071,-1.00%,---,---
562310,银华沪深300成长ETF行情,指数型-股票,0.8665,0.8665,0.8728,0.8728,-0.0063,-0.72%,---,---
562320,银华沪深300价值ETF行情,指数型-股票,1.0358,1.0358,1.0410,1.0410,-0.0052,-0.50%,---,---
562330,银华中证500价值ETF行情,指数型-股票,0.9584,0.9584,0.9592,0.9592,-0.0008,-0.08%,---,---
562350,银华中证全指电力公用事业ETF行情,指数型-股票,1.0042,1.0042,1.0065,1.0065,-0.0023,-0.23%,---,---
562360,银华中证机器人ETF行情,指数型-股票,0.9604,0.9604,0.9653,0.9653,-0.0049,-0.51%,---,---
562380,银华中证国新央企科技引领ETF行情,指数型-股票,1.0139,1.0139,---,---,---,---,---,---
562390,银华中证中药ETF行情,指数型-股票,1.1414,1.1414,1.1526,1.1526,-0.0112,-0.97%,---,---
562500,华夏中证机器人ETF行情,指数型-股票,0.8675,0.8675,0.8721,0.8721,-0.0046,-0.53%,---,---
562510,华夏中证旅游主题ETF行情,指数型-股票,0.9177,0.9177,0.9298,0.9298,-0.0121,-1.30%,---,---
562520,华夏中证智选1000成长创新策略ETF行情,指数型-股票,1.0586,1.0586,1.0699,1.0699,-0.0113,-1.06%,---,---
562530,华夏中证智选1000价值稳健策略ETF行情,指数型-股票,1.0698,1.0698,1.0739,1.0739,-0.0041,-0.38%,---,---
562550,华夏中证绿色电力ETF行情,指数型-股票,1.0416,1.0416,1.0439,1.0439,-0.0023,-0.22%,---,---
562800,嘉实中证稀有金属主题ETF行情,指数型-股票,0.6365,0.6365,0.6197,0.6197,0.0168,2.71%,---,---
562860,嘉实中证疫苗与生物技术ETF行情,指数型-股票,0.8061,0.8061,0.8132,0.8132,-0.0071,-0.87%,---,---
562880,嘉实中证电池主题ETF行情,指数型-股票,0.6792,0.6792,0.6848,0.6848,-0.0056,-0.82%,---,---
562900,易方达中证现代农业主题ETF行情,指数型-股票,0.8112,0.8112,0.8236,0.8236,-0.0124,-1.51%,---,---
562910,易方达中证装备产业ETF行情,指数型-股票,0.7509,0.7509,0.7568,0.7568,-0.0059,-0.78%,---,---
562920,易方达中证信息安全主题ETF行情,指数型-股票,0.9990,0.9990,1.0158,1.0158,-0.0168,-1.65%,---,---
562930,易方达中证软件服务ETF行情,指数型-股票,0.9876,0.9876,1.0047,1.0047,-0.0171,-1.70%,---,---
562950,易方达中证消费电子主题ETF行情,指数型-股票,0.7289,0.7289,0.7335,0.7335,-0.0046,-0.63%,---,---
562960,易方达中证绿色电力ETF行情,指数型-股票,1.0460,1.0460,1.0482,1.0482,-0.0022,-0.21%,---,---
562990,易方达中证上海环交所碳中和ETF行情,指数型-股票,0.7959,0.7959,0.7992,0.7992,-0.0033,-0.41%,---,---
563000,易方达MSCI中国A50互联互通ETF行情,指数型-股票,0.7694,0.7694,0.7757,0.7757,-0.0063,-0.81%,---,---
563010,易方达中证电信主题ETF行情,指数型-股票,1.0000,1.0000,---,---,---,---,---,---
563030,易方达中证500增强策略ETF行情,指数型-股票,0.9776,0.9776,0.9866,0.9866,-0.0090,-0.91%,---,---
563050,易方达中证国新央企科技引领ETF行情,指数型-股票,1.0083,1.0083,1.0216,1.0216,-0.0133,-1.30%,---,---
588000,华夏上证科创板50成份ETF行情,指数型-股票,1.0509,0.7298,1.0611,0.7369,-0.0102,-0.96%,1.0510,-0.01%
588010,博时上证科创板新材料ETF行情,指数型-股票,0.8155,0.8155,0.8214,0.8214,-0.0059,-0.72%,0.8140,0.18%
588050,工银上证科创50成份ETF行情,指数型-股票,1.0351,0.7213,1.0450,0.7282,-0.0099,-0.95%,1.0370,-0.18%
588060,广发上证科创板50成份ETF行情,指数型-股票,0.6422,0.6422,0.6483,0.6483,-0.0061,-0.94%,0.6440,-0.28%
588080,易方达上证科创板50成份ETF行情,指数型-股票,1.0291,0.7210,1.0390,0.7280,-0.0099,-0.95%,1.0300,-0.09%
588090,华泰柏瑞上证科创板50成份ETF行情,指数型-股票,1.0399,0.7262,1.0499,0.7331,-0.0100,-0.95%,1.0400,-0.01%
588100,嘉实上证科创板新一代信息技术ETF行情,指数型-股票,1.1701,1.1701,1.1835,1.1835,-0.0134,-1.13%,1.1710,-0.08%
588150,南方上证科创板50ETF行情,指数型-股票,0.7075,0.7075,0.7143,0.7143,-0.0068,-0.95%,0.7100,-0.35%
588160,南方上证科创板新材料ETF行情,指数型-股票,0.8204,0.8204,0.8264,0.8264,-0.0060,-0.73%,0.8200,0.05%
588180,国联安上证科创板50成份ETF行情,指数型-股票,0.6492,0.6492,0.6554,0.6554,-0.0062,-0.95%,0.6490,0.03%
588200,嘉实上证科创板芯片ETF行情,指数型-股票,1.2670,1.2670,1.2846,1.2846,-0.0176,-1.37%,1.2650,0.16%
588260,华安上证科创板新一代信息技术ETF行情,指数型-股票,1.1686,1.1686,1.1818,1.1818,-0.0132,-1.12%,1.1670,0.14%
588280,华安上证科创板50ETF行情,指数型-股票,0.7278,0.7278,0.7346,0.7346,-0.0068,-0.93%,0.7280,-0.03%
588290,华安上证科创板芯片ETF行情,指数型-股票,1.2385,1.2385,1.2556,1.2556,-0.0171,-1.36%,1.2380,0.04%
588300,招商中证科创创业50ETF行情,指数型-股票,0.5861,0.5861,0.5888,0.5888,-0.0027,-0.46%,0.5850,0.19%
588310,方正富邦科创创业50ETF行情,指数型-股票,0.6502,0.6502,0.6532,0.6532,-0.0030,-0.46%,0.6500,0.03%
588320,广发中证科创创业50增强策略ETF行情,指数型-股票,0.9108,0.9108,0.9148,0.9148,-0.0040,-0.44%,0.9080,0.31%
588330,华宝双创龙头ETF行情,指数型-股票,0.5805,0.5805,0.5831,0.5831,-0.0026,-0.45%,0.5810,-0.09%
588350,鹏扬中证科创创业50ETF行情,指数型-股票,0.8860,0.8860,0.8901,0.8901,-0.0041,-0.46%,0.8830,0.34%
588360,国泰中证科创创业50ETF行情,指数型-股票,0.6099,0.6099,0.6127,0.6127,-0.0028,-0.46%,0.6090,0.15%
588370,南方上证科创板50成份增强策略ETF行情,指数型-股票,1.0011,1.0011,1.0104,1.0104,-0.0093,-0.92%,1.0000,0.11%
588380,富国中证科创创业50ETF行情,指数型-股票,0.5856,0.5856,0.5883,0.5883,-0.0027,-0.46%,0.5860,-0.07%
588390,博时中证科创创业50ETF行情,指数型-股票,0.6317,0.6317,0.6346,0.6346,-0.0029,-0.46%,0.6320,-0.05%
588400,嘉实中证科创创业50ETF行情,指数型-股票,0.5825,0.5825,0.5852,0.5852,-0.0027,-0.46%,0.5810,0.26%
588460,鹏华上证科创板50成份增强策略ETF行情,指数型-股票,1.0211,1.0211,1.0325,1.0325,-0.0114,-1.10%,1.0230,-0.19%
