code,name
301499,维科精密
301289,国缆检测
300417,南华仪器
688627,精智达
688700,东威科技
300295,三六五网
301161,唯万密封
300035,中科电气
603828,柯利达
688502,茂莱光学
601777,力帆科技
600595,中孚实业
600906,财达证券
002356,赫美集团
002647,仁东控股
603496,恒为科技
000890,法尔胜
603800,道森股份
601519,大智慧
002813,路畅科技
002992,宝明科技
002703,浙江世宝
002527,新时达
002229,鸿博股份
603000,人民网
603536,惠发食品
603767,中马传动
002846,英联股份
600468,百利电气
600239,云南城投
601933,永辉超市
301218,华是科技
688020,方邦股份
301072,中捷精工
603888,新华网
002945,华林证券
002587,奥拓电子
000514,渝 开 发
002590,万安科技
871478,巨能股份
000736,中交地产
300264,佳创视讯
688318,财富趋势
688458,美芯晟
603283,赛腾股份
300840,酷特智能
300647,超频三
300851,交大思诺
600577,精达股份
603665,康隆达
600237,铜峰电子
688603,天承科技
300169,天晟新材
301255,通力科技
688320,禾川科技
688160,步科股份
600649,城投控股
002426,胜利精密
688659,元琛科技
301272,英华特
301007,德迈仕
300751,迈为股份
002585,双星新材
301503,智迪科技
600683,京投发展
301309,万得凯
002444,巨星科技
002177,御银股份
301208,中亦科技
301269,华大九天
600895,张江高科
600675,中华企业
600159,大龙地产
002771,真视通
300928,华安鑫创
605060,联德股份
600531,豫光金铅
301045,天禄科技
600105,永鼎股份
688153,唯捷创芯
301181,标榜股份
002520,日发精机
831278,泰德股份
688665,四方光电
688798,艾为电子
688582,芯动联科
603555,ST贵人
688188,柏楚电子
000005,ST星源
002699,*ST美盛
605178,时空科技
603002,宏昌电子
002776,*ST柏龙
002472,双环传动
000752,*ST西发
600734,ST实达
837663,明阳科技
430418,苏轴股份
301381,赛维时代
002365,永安药业
603110,东方材料
688120,华海清科
300697,电工合金
688392,骄成超声
000564,ST大集
600355,精伦电子
002089,*ST新海
600361,创新新材
002261,拓维信息
300706,阿石创
873593,鼎智科技
002058,威尔泰
000797,中国武夷
000969,安泰科技
300576,容大感光
301391,卡莱特
002200,ST交投
002288,超华科技
300161,华中数控
688072,拓荆科技
301228,实朴检测
300344,立方数科
300594,朗进科技
603728,鸣志电器
688258,卓易信息
600807,济南高新
002351,漫步者
300380,安硕信息
837592,华信永道
603607,京华激光
301303,真兰仪表
600665,天地源
300112,万讯自控
300057,万顺新材
001269,欧晶科技
601108,财通证券
605188,国光连锁
600376,首开股份
000415,渤海租赁
600658,电子城
301313,凡拓数创
000712,锦龙股份
688409,富创精密
300609,汇纳科技
300689,澄天伟业
603220,中贝通信
000882,华联股份
300051,三五互联
688056,莱伯泰科
600657,信达地产
301299,卓创资讯
688376,美埃科技
000838,财信发展
300580,贝斯特
003029,吉大正元
300258,精锻科技
300579,数字认证
603088,宁波精达
300913,兆龙互连
300860,锋尚文化
601279,英利汽车
000048,京基智农
000090,天健集团
300960,通业科技
301360,荣旗科技
002175,东方智造
688017,绿的谐波
600290,*ST华仪
300836,佰奥智能
000656,金科股份
000700,模塑科技
688448,磁谷科技
300503,昊志机电
300710,万隆光电
000046,*ST泛海
601099,太平洋
002383,合众思壮
301162,国能日新
688213,思特威-W
603197,保隆科技
000925,众合科技
301217,铜冠铜箔
300561,汇金科技
300457,赢合科技
002698,博实股份
300797,钢研纳克
300399,天利科技
000589,贵州轮胎
300108,*ST吉药
301159,三维天地
603297,永新光学
002876,三利谱
300807,天迈科技
603918,金桥信息
002290,禾盛新材
834033,康普化学
300165,天瑞仪器
300638,广和通
002588,史丹利
300809,华辰装备
301429,森泰股份
600743,华远地产
301037,保立佳
603667,五洲新春
300816,艾可蓝
300818,耐普矿机
301456,盘古智能
603338,浙江鼎力
600801,华新水泥
688041,海光信息
603233,大参林
603766,隆鑫通用
301221,光庭信息
300886,华业香料
301315,威士顿
002553,南方精工
600082,海泰发展
300551,古鳌科技
002549,凯美特气
002658,雪迪龙
688175,高凌信息
301382,蜂助手
300612,宣亚国际
002512,达华智能
688435,英方软件
000837,秦川机床
002285,世联行
300054,鼎龙股份
600078,ST澄星
300321,同大股份
300657,弘信电子
300293,蓝英装备
688255,凯尔达
002448,中原内配
002031,巨轮智能
002024,ST易购
833575,康乐卫士
002289,ST宇顺
300917,特发服务
001380,华纬科技
603662,柯力传感
000976,ST华铁
002723,小崧股份
688419,耐科装备
688037,芯源微
601136,首创证券
300718,长盛轴承
688165,埃夫特-U
002997,瑞鹄模具
688669,聚石化学
688519,南亚新材
300350,华鹏飞
300549,优德精密
600761,安徽合力
603337,杰克股份
600449,宁夏建材
002436,兴森科技
603278,大业股份
301016,雷尔伟
301252,同星科技
688210,统联精密
601456,国联证券
600712,南宁百货
002916,深南电路
603937,丽岛新材
002222,福晶科技
688231,隆达股份
600178,东安动力
300936,中英科技
002694,顾地科技
000158,常山北明
300567,精测电子
600284,浦东建设
300606,金太阳
002681,奋达科技
300364,中文在线
600302,标准股份
300449,汉邦高科
002591,恒大高新
600516,方大炭素
300817,双飞股份
688361,中科飞测-U
300550,和仁科技
002154,报 喜 鸟
301339,通行宝
301512,智信精密
000718,苏宁环球
300037,新宙邦
688498,源杰科技
301378,通达海
002862,实丰文化
300876,蒙泰高新
300354,东华测试
605318,法狮龙
300650,太龙股份
300832,新产业
688025,杰普特
300855,图南股份
301102,兆讯传媒
300333,兆日科技
301428,世纪恒通
000863,三湘印象
000510,新金路
688022,瀚川智能
002766,索菱股份
688225,亚信安全
002853,皮阿诺
600318,新力金融
300441,鲍斯股份
836077,吉林碳谷
688789,宏华数科
688308,欧科亿
603125,常青科技
688383,新益昌
000678,襄阳轴承
301095,广立微
002313,*ST日海
301448,开创电气
600686,金龙汽车
688401,路维光电
601633,长城汽车
002465,海格通信
300515,三德科技
688332,中科蓝讯
002976,瑞玛精密
688019,安集科技
688378,奥来德
002984,森麒麟
301349,信德新材
600503,华丽家族
002156,通富微电
603025,大豪科技
600689,上海三毛
836208,青矩技术
300857,协创数据
002629,仁智股份
001301,尚太科技
688568,中科星图
300679,电连技术
603158,腾龙股份
300803,指南针
300221,银禧科技
603177,德创环保
300475,香农芯创
002708,光洋股份
000586,汇源通信
000727,冠捷科技
688776,国光电气
600791,京能置业
000759,中百集团
002209,达 意 隆
688088,虹软科技
002938,鹏鼎控股
600533,栖霞建设
002586,*ST围海
300969,恒帅股份
603515,欧普照明
600622,光大嘉宝
300991,创益通
002614,奥佳华
300042,朗科科技
000926,福星股份
601059,信达证券
300844,山水比德
300429,强力新材
301150,中一科技
688059,华锐精密
688300,联瑞新材
002857,三晖电气
603629,利通电子
301310,鑫宏业
603501,韦尔股份
300085,银之杰
300824,北鼎股份
301256,华融化学
688670,金迪克
688567,孚能科技
832982,锦波生物
301197,工大科雅
688559,海目星
002188,中天服务
688106,金宏气体
600589,*ST榕泰
605555,德昌股份
002284,亚太股份
002892,科力尔
000014,沙河股份
300307,慈星股份
002702,海欣食品
002913,奥士康
000686,东北证券
001323,慕思股份
688282,理工导航
688768,容知日新
002961,瑞达期货
600421,华嵘控股
688078,龙软科技
000690,宝新能源
688090,瑞松科技
002338,奥普光电
001314,亿道信息
002718,友邦吊顶
688292,浩瀚深度
301138,华研精机
002855,捷荣技术
000903,云内动力
000632,三木集团
300556,丝路视觉
688279,峰岹科技
002595,豪迈科技
688322,奥比中光-UW
001278,一彬科技
300276,三丰智能
603307,扬州金泉
831526,凯华材料
688027,国盾量子
300300,海峡创新
300552,万集科技
300074,华平股份
688116,天奈科技
301085,亚康股份
600816,ST建元
688232,新点软件
688334,西高院
603057,紫燕食品
300210,森远股份
301312,智立方
300923,研奥股份
688313,仕佳光子
600736,苏州高新
301017,漱玉平民
301338,凯格精机
600203,福日电子
688093,世华科技
603324,盛剑环境
688215,瑞晟智能
300927,江天化学
300366,创意信息
600676,交运股份
301169,零点有数
600854,春兰股份
300120,经纬辉开
688201,信安世纪
600388,龙净环保
002403,爱仕达
002133,广宇集团
000530,冰山冷热
301220,亚香股份
300790,宇瞳光学
688083,中望软件
601528,瑞丰银行
002406,远东传动
301020,密封科技
600773,西藏城投
603388,元成股份
300211,亿通科技
603298,杭叉集团
000965,天保基建
003011,海象新材
300782,卓胜微
603378,亚士创能
603727,博迈科
300290,荣科科技
300061,旗天科技
688206,概伦电子
000532,华金资本
601236,红塔证券
002362,汉王科技
600604,市北高新
603129,春风动力
002429,兆驰股份
600387,ST海越
871694,中裕科技
301076,新瀚新材
601995,中金公司
301186,超达装备
603037,凯众股份
600429,三元股份
002131,利欧股份
603328,依顿电子
688596,正帆科技
603803,瑞斯康达
301195,北路智控
603160,汇顶科技
002697,红旗连锁
688667,菱电电控
688678,福立旺
600909,华安证券
300059,东方财富
603421,鼎信通讯
300416,苏试试验
605089,味知香
600693,东百集团
603773,沃格光电
600620,天宸股份
603897,长城科技
688625,呈和科技
002536,飞龙股份
300812,易天股份
603578,三星新材
000425,徐工机械
688082,盛美上海
301005,超捷股份
300838,浙江力诺
603809,豪能股份
002801,微光股份
002009,天奇股份
002230,科大讯飞
688307,中润光学
603559,ST通脉
600621,华鑫股份
605305,中际联合
600696,岩石股份
002314,南山控股
603215,比依股份
002331,皖通科技
301021,英诺激光
601588,北辰实业
300024,机器人
000599,青岛双星
002912,中新赛克
002848,高斯贝尔
600889,南京化纤
601949,中国出版
603015,弘讯科技
601177,杭齿前进
600728,佳都科技
002747,埃斯顿
001259,利仁科技
605266,健之佳
603171,税友股份
300328,宜安科技
300502,新易盛
300686,智动力
000818,航锦科技
000897,津滨发展
301168,通灵股份
600960,渤海汽车
002654,万润科技
833509,同惠电子
300868,杰美特
001255,博菲电气
603286,日盈电子
600083,博信股份
603725,天安新材
000809,铁岭新城
301389,隆扬电子
301030,仕净科技
688698,伟创电气
002865,钧达股份
002786,银宝山新
300823,建科机械
002850,科达利
688012,中微公司
300852,四会富仕
603048,浙江黎明
301263,泰恩康
002497,雅化集团
600463,空港股份
600208,新湖中宝
000045,深纺织Ａ
000506,中润资源
603636,南威软件
002583,海能达
688080,映翰通
000812,陕西金叶
300592,华凯易佰
000921,海信家电
300279,和晶科技
688005,容百科技
603208,江山欧派
300389,艾比森
300464,星徽股份
000151,中成股份
300353,东土科技
688450,光格科技
688055,龙腾光电
603121,华培动力
688486,龙迅股份
300467,迅游科技
300758,七彩化学
002005,ST德豪
603867,新化股份
300277,海联讯
688359,三孚新科
300678,中科信息
300578,会畅通讯
600933,爱柯迪
600987,航民股份
301377,鼎泰高科
002835,同为股份
300926,博俊科技
002500,山西证券
688557,兰剑智能
300799,*ST左江
688535,华海诚科
688001,华兴源创
002682,龙洲股份
300605,恒锋信息
300921,南凌科技
000402,金 融 街
000006,深振业Ａ
300737,科顺股份
001311,多利科技
837006,晟楠科技
688087,英科再生
000031,大悦城
688590,新致软件
000758,中色股份
688268,华特气体
300345,华民股份
300563,神宇股份
603838,四通股份
601799,星宇股份
603579,荣泰健康
002735,王子新材
002270,华明装备
301395,仁信新材
603173,福斯达
688147,微导纳米
688515,裕太微-U
688257,新锐股份
600733,北汽蓝谷
688048,长光华芯
603221,爱丽家居
002941,新疆交建
301153,中科江南
301178,天亿马
300150,世纪瑞尔
301199,迈赫股份
300386,飞天诚信
603119,C浙荣
605389,长龄液压
603188,亚邦股份
601212,白银有色
300508,维宏股份
300858,科拓生物
688377,迪威尔
002635,安洁科技
300409,道氏技术
300525,博思软件
600830,香溢融通
002379,宏创控股
603928,兴业股份
603855,华荣股份
300395,菲利华
688004,博汇科技
600246,万通发展
600778,友好集团
688511,天微电子
002363,隆基机械
603489,八方股份
300466,赛摩智能
600306,*ST商城
002638,勤上股份
002491,通鼎互联
002611,东方精工
600641,万业企业
688256,寒武纪-U
300667,必创科技
300660,江苏雷利
603179,新泉股份
603638,艾迪精密
002715,登云股份
600968,海油发展
000030,富奥股份
605378,野马电池
688227,品高股份
603132,金徽股份
002106,莱宝高科
600605,汇通能源
688408,中信博
603819,神力股份
300007,汉威科技
600619,海立股份
300619,金银河
000626,远大控股
603159,上海亚虹
301057,汇隆新材
688531,日联科技
600095,湘财股份
002896,中大力德
000011,深物业A
002180,纳思达
000631,顺发恒业
002452,长高电新
300766,每日互动
600606,绿地控股
300381,溢多利
838701,豪声电子
300062,中能电气
002045,国光电器
300908,仲景食品
603606,东方电缆
002516,旷达科技
002319,乐通股份
600877,电科芯片
688167,炬光科技
300284,苏交科
300607,拓斯达
688521,芯原股份
002361,神剑股份
000555,神州信息
300373,扬杰科技
300863,卡倍亿
600560,金自天正
300771,智莱科技
000701,厦门信达
300776,帝尔激光
301326,捷邦科技
605179,一鸣食品
002921,联诚精密
301419,阿莱德
002244,滨江集团
002851,麦格米特
600325,华发股份
832491,奥迪威
002221,东华能源
300720,海川智能
600643,爱建集团
688577,浙海德曼
603982,泉峰汽车
300479,神思电子
300346,南大光电
601100,恒立液压
002026,山东威达
603917,合力科技
300234,开尔新材
003036,泰坦股份
001339,智微智能
603656,泰禾智能
300625,三雄极光
002484,江海股份
002341,新纶新材
600724,宁波富达
600130,波导股份
603896,寿仙谷
300666,江丰电子
300076,GQY视讯
000157,中联重科
600185,格力地产
600099,林海股份
003007,直真科技
603650,彤程新材
300440,运达科技
300313,*ST天山
300301,*ST长方
603239,浙江仙通
601500,通用股份
300096,易联众
002975,博杰股份
002347,泰尔股份
002968,新大正
688195,腾景科技
300747,锐科激光
300557,理工光科
688305,科德数控
605066,天正电气
688683,莱尔科技
002939,长城证券
600639,浦东金桥
603516,淳中科技
300044,赛为智能
301330,熵基科技
002161,远 望 谷
688628,优利德
301191,菲菱科思
002552,宝鼎科技
603228,景旺电子
002305,南国置业
600753,庚星股份
300822,贝仕达克
002674,兴业科技
300989,蕾奥规划
603133,*ST碳元
688028,沃尔德
603788,宁波高发
300536,农尚环境
301129,瑞纳智能
001288,运机集团
300976,达瑞电子
603979,金诚信
600136,*ST明诚
000029,深深房Ａ
300978,东箭科技
301067,显盈科技
300377,赢时胜
002965,祥鑫科技
688348,昱能科技
600862,中航高科
300985,致远新能
000420,吉林化纤
300663,科蓝软件
002405,四维图新
002085,万丰奥威
000751,锌业股份
688283,坤恒顺维
300814,中富电路
002168,惠程科技
603939,益丰药房
002248,华东数控
002981,朝阳科技
301286,侨源股份
300543,朗科智能
688398,赛特新材
605162,新中港
300445,康斯特
600865,百大集团
003033,征和工业
002152,广电运通
003025,思进智能
603031,安孚科技
603178,圣龙股份
300018,中元股份
300306,远方信息
300322,硕贝德
300909,汇创达
600510,黑牡丹
600293,三峡新材
301397,溯联股份
688220,翱捷科技-U
002480,新筑股份
000570,苏常柴Ａ
603990,麦迪科技
603655,朗博科技
600918,中泰证券
600060,海信视像
600173,卧龙地产
600684,珠江股份
603663,三祥新材
002253,川大智胜
300849,锦盛新材
836892,广咨国际
300684,中石科技
002537,海联金汇
002592,ST八菱
002073,软控股份
836149,旭杰科技
002811,郑中设计
600052,东望时代
300460,惠伦晶体
300469,信息发展
301390,经纬股份
300553,集智股份
688777,中控技术
837242,建邦科技
688045,必易微
688375,国博电子
600766,*ST园城
300068,南都电源
601198,东兴证券
002949,华阳国际
605588,冠石科技
603815,交建股份
688138,清溢光电
002877,智能自控
688595,芯海科技
300688,创业黑马
870204,沪江材料
301322,绿通科技
300507,苏奥传感
002016,世荣兆业
301260,格力博
300487,蓝晓科技
000898,鞍钢股份
002902,铭普光磁
301029,怡合达
300190,维尔利
600692,亚通股份
300215,电科院
301077,星华新材
300250,初灵信息
002596,海南瑞泽
301125,腾亚精工
600958,东方证券
600827,百联股份
002104,恒宝股份
688420,美腾科技
300097,智云股份
002859,洁美科技
688173,希荻微
300694,蠡湖股份
688418,震有科技
002952,亚世光电
000659,珠海中富
603899,晨光股份
688146,中船特气
688269,凯立新材
603615,茶花股份
002395,双象股份
000828,东莞控股
688588,凌志软件
002508,老板电器
300260,新莱应材
002035,华帝股份
000936,华西股份
603586,金麒麟
300281,金明精机
603317,天味食品
830879,基康仪器
600215,派斯林
688593,新相微
688084,晶品特装
300446,乐凯新材
002206,海 利 得
688333,铂力特
301314,科瑞思
002885,京泉华
603933,睿能科技
688522,纳睿雷达
300757,罗博特科
300780,德恩精工
300514,友讯达
833751,惠同新材
300130,新国都
600479,千金药业
000517,荣安地产
002634,棒杰股份
002123,梦网科技
002404,嘉欣丝绸
603699,纽威股份
688291,金橙子
300645,正元智慧
002232,启明信息
603106,恒银科技
600754,锦江酒店
600654,ST中安
688456,有研粉材
600517,国网英大
002802,洪汇新材
000576,甘化科工
601155,新城控股
600152,维科技术
603269,海鸥股份
600585,海螺水泥
603399,吉翔股份
301019,宁波色母
603726,朗迪集团
002519,银河电子
300248,新开普
603866,桃李面包
688070,纵横股份
600601,方正科技
600802,福建水泥
688233,神工股份
300402,宝色股份
300488,恒锋工具
300698,万马科技
301131,聚赛龙
600110,诺德股份
000793,华闻集团
001260,坤泰股份
835670,数字人
003002,壶化股份
603666,亿嘉和
002908,德生科技
301031,中熔电气
300251,光线传媒
002925,盈趣科技
300680,隆盛科技
002502,ST鼎龙
301290,东星医疗
002368,太极股份
002298,中电兴发
301066,万事利
835179,凯德石英
688337,普源精电
300862,蓝盾光电
002575,群兴玩具
002979,雷赛智能
300566,激智科技
000584,ST工智
000534,万泽股份
000887,中鼎股份
300598,诚迈科技
600148,长春一东
603232,格尔软件
688819,天能股份
301149,隆华新材
603959,百利科技
000728,国元证券
600031,三一重工
871753,天纺标
300828,锐新科技
002198,嘉应制药
301268,铭利达
601990,南京证券
301298,东利机械
002445,中南文化
301213,观想科技
603369,今世缘
603277,银都股份
300560,中富通
600345,长江通信
603305,旭升集团
000419,通程控股
002870,香山股份
600375,汉马科技
601696,中银证券
301328,维峰电子
300717,华信新材
600201,生物股份
300045,华力创通
601011,宝泰隆
300270,中威电子
300801,泰和科技
600155,华创云信
603660,苏州科达
603810,丰山集团
300180,华峰超纤
688429,时创能源
603183,建研院
300229,拓尔思
600184,光电股份
688379,华光新材
603321,梅轮电梯
000676,智度股份
600671,*ST目药
002184,海得控制
603186,华正新材
301112,信邦智能
000592,平潭发展
832175,东方碳素
600030,中信证券
603028,赛福天
688598,金博股份
300232,洲明科技
002376,新北洋
002226,江南化工
301396,宏景科技
002127,南极电商
000695,滨海能源
000680,山推股份
300937,药易购
300537,广信材料
001215,千味央厨
688306,均普智能
600648,外高桥
002251,步 步 高
000050,深天马Ａ
002063,远光软件
002990,盛视科技
002792,通宇通讯
300403,汉宇集团
300920,润阳科技
300659,中孚信息
601878,浙商证券
688335,复洁环保
600759,ST洲际
000401,冀东水泥
300939,秋田微
300656,民德电子
002025,航天电器
600751,海航科技
000886,海南高速
603680,今创集团
300433,蓝思科技
002561,徐家汇
600241,时代万恒
688168,安博通
300278,华昌达
600299,安迪苏
300472,新元科技
600064,南京高科
300123,亚光科技
301128,强瑞技术
688371,菲沃泰
603385,惠达卫浴
603005,晶方科技
605599,菜百股份
002355,兴民智通
003003,天元股份
002495,佳隆股份
605365,立达信
300339,润和软件
002214,大立科技
000042,中洲控股
301226,祥明智能
300139,晓程科技
603351,威尔药业
605005,合兴股份
600580,卧龙电驱
300902,国安达
000681,视觉中国
600976,健民集团
001696,宗申动力
688053,思科瑞
002271,东方雨虹
300473,德尔股份
300329,海伦钢琴
300559,佳发教育
002983,芯瑞达
300405,科隆股份
600716,凤凰股份
300830,金现代
002655,共达电声
000036,华联控股
600738,丽尚国潮
002689,远大智能
300033,同花顺
300890,翔丰华
603909,建发合诚
002367,康力电梯
688002,睿创微纳
600901,江苏金租
300079,数码视讯
000672,上峰水泥
688766,普冉股份
000869,张  裕Ａ
300912,凯龙高科
603926,铁流股份
688261,东微半导
300735,光弘科技
300205,天喻信息
300047,天源迪科
002171,楚江新材
301237,和顺科技
300808,久量股份
301265,华新环保
002641,公元股份
002884,凌霄泵业
600330,天通股份
002643,万润股份
601137,博威合金
002881,美格智能
300283,温州宏丰
301032,新柴股份
603045,福达合金
688610,埃科光电
600599,ST熊猫
832225,利通科技
603089,正裕工业
301053,远信工业
301387,光大同创
600818,中路股份
300490,华自科技
300394,天孚通信
603601,再升科技
605377,华旺科技
300349,金卡智能
601886,江河集团
603978,深圳新星
300739,明阳电路
688311,盟升电子
002108,沧州明珠
600729,重庆百货
300655,晶瑞电材
600699,均胜电子
002420,毅昌科技
688350,富淼科技
600894,广日股份
601066,中信建投
002169,智光电气
001212,中旗新材
603678,火炬电子
002282,博深股份
002918,蒙娜丽莎
603816,顾家家居
300419,浩丰科技
600571,信雅达
300831,派瑞股份
002098,浔兴股份
300111,向日葵
000016,深康佳Ａ
000007,*ST全新
002980,华盛昌
601600,中国铝业
300195,长荣股份
002264,新 华 都
300769,德方纳米
600851,海欣股份
002691,冀凯股份
002837,英维克
002297,博云新材
000545,金浦钛业
300134,大富科技
300982,苏文电能
002725,跃岭股份
301036,双乐股份
300477,合纵科技
002373,千方科技
600168,武汉控股
002863,今飞凯达
002636,金安国纪
600469,风神股份
001211,双枪科技
600848,上海临港
603583,捷昌驱动
605289,罗曼股份
300164,通源石油
000948,南天信息
002194,武汉凡谷
603311,金海高科
000070,特发信息
601399,国机重装
002430,杭氧股份
300632,光莆股份
688786,悦安新材
688611,杭州柯林
002280,联络互动
600198,大唐电信
605189,富春染织
601020,华钰矿业
002110,三钢闽光
002642,荣联科技
001336,楚环科技
603890,春秋电子
300521,爱司凯
002418,康盛股份
301176,逸豪新材
000807,云铝股份
300029,ST天龙
002560,通达股份
300681,英搏尔
300541,先进数通
301061,匠心家居
000605,渤海股份
000503,国新健康
603889,新澳股份
301248,杰创智能
603326,我乐家居
600984,建设机械
000668,荣丰控股
000619,海螺新材
600732,爱旭股份
002369,卓翼科技
300715,凯伦股份
002197,证通电子
300151,昌红科技
300866,安克创新
688562,航天软件
300163,先锋新材
603112,华翔股份
300407,凯发电气
002767,先锋电子
600446,金证股份
300066,三川智慧
000543,皖能电力
000786,北新建材
300208,青岛中程
300242,佳云科技
002371,北方华创
600053,九鼎投资
301353,普莱得
300365,恒华科技
300651,金陵体育
003040,楚天龙
605033,美邦股份
002888,惠威科技
300081,恒信东方
600525,长园集团
600550,保变电气
301207,华兰疫苗
688800,瑞可达
300476,胜宏科技
301320,豪江智能
300480,光力科技
688326,经纬恒润-W
002079,苏州固锝
603066,音飞储存
002067,景兴纸业
603929,亚翔集成
600218,全柴动力
002068,黑猫股份
600763,通策医疗
002732,燕塘乳业
600663,陆家嘴
300964,本川智能
002890,弘宇股份
600579,克劳斯
300154,瑞凌股份
600094,大名城
002869,金溢科技
002803,吉宏股份
300951,博硕科技
301233,盛帮股份
603386,骏亚科技
601798,蓝科高新
000800,一汽解放
600176,中国巨石
002765,蓝黛科技
300315,掌趣科技
002569,ST步森
002987,京北方
002734,利民股份
688799,华纳药厂
301055,张小泉
000559,万向钱潮
300941,创识科技
600892,大晟文化
600009,上海机场
688600,皖仪科技
301121,紫建电子
300048,合康新能
002337,赛象科技
688352,颀中科技
688122,西部超导
603006,联明股份
002249,大洋电机
688051,佳华科技
603195,公牛集团
000541,佛山照明
000823,超声电子
603236,移远通信
600588,用友网络
002748,世龙实业
600843,XD上工申
600405,动力源
600626,申达股份
002782,可立克
603118,共进股份
600779,水井坊
603687,大胜达
600192,长城电工
300137,先河环保
300842,帝科股份
603306,华懋科技
000988,华工科技
002302,西部建设
002706,良信股份
603358,华达科技
300984,金沃股份
002046,国机精工
002685,华东重机
600651,飞乐音响
300963,中洲特材
000572,海马汽车
300448,浩云科技
600113,浙江东日
000920,沃顿科技
000666,经纬纺机
300952,恒辉安防
688096,京源环保
002678,珠江钢琴
603444,吉比特
300724,捷佳伟创
300745,欣锐科技
002050,三花智控
000062,深圳华强
605255,天普股份
300238,冠昊生物
001208,华菱线缆
688172,燕东微
688325,赛微微电
688016,心脉医疗
001979,招商蛇口
603737,三棵树
600628,新世界
300311,任子行
000905,厦门港务
603078,江化微
002454,松芝股份
603320,迪贝电气
002510,天汽模
603931,格林达
300213,佳讯飞鸿
301002,崧盛股份
603068,博通集成
002543,万和电气
000056,皇庭国际
000909,ST数源
600565,迪马股份
600624,复旦复华
688125,安达智能
300160,秀强股份
688569,铁科轨道
603279,景津装备
002505,鹏都农牧
601858,中国科传
600584,长电科技
002433,*ST太安
002384,东山精密
600172,黄河旋风
300623,捷捷微电
600888,新疆众和
603366,日出东方
603955,大千生态
001266,宏英智能
605058,澳弘电子
002084,海鸥住工
001270,铖昌科技
300050,世纪鼎利
600608,ST沪科
605259,绿田机械
300792,壹网壹创
603319,湘油泵
002372,伟星新材
603595,东尼电子
301319,唯特偶
300214,日科化学
301373,凌玮科技
605268,王力安防
002165,红 宝 丽
600019,宝钢股份
000761,本钢板材
600841,动力新科
300385,雪浪环境
603227,雪峰科技
688485,九州一轨
600817,宇通重工
600165,宁科生物
002598,山东章鼓
000913,钱江摩托
600804,ST鹏博士
600742,一汽富维
600597,光明乳业
603131,上海沪工
600495,晋西车轴
002072,凯瑞德
300845,捷安高科
600828,茂业商业
300410,正业科技
603879,永悦科技
600071,凤凰光学
301380,挖金客
002775,文科园林
002677,浙江美大
600679,上海凤凰
605567,春雪食品
300590,移为通信
301079,邵阳液压
000856,冀东装备
002231,奥维通信
300414,中光防雷
301291,明阳电气
300846,首都在线
002705,新宝股份
300177,中海达
002065,东华软件
600331,宏达股份
000058,深 赛 格
688162,巨一科技
600153,建发股份
002080,中材科技
002097,山河智能
605258,协和电子
300946,恒而达
001308,康冠科技
601377,兴业证券
002730,电光科技
301165,锐捷网络
831445,龙竹科技
600539,狮头股份
688682,霍莱沃
600714,金瑞矿业
600989,宝丰能源
001319,铭科精技
300750,宁德时代
600746,江苏索普
002806,华锋股份
600410,华胜天成
600189,泉阳泉
300470,中密控股
300584,海辰药业
300608,思特奇
300034,钢研高纳
002434,万里扬
600805,悦达投资
600826,兰生股份
600698,湖南天雁
603648,畅联股份
688589,力合微
600739,辽宁成大
300953,震裕科技
600592,龙溪股份
600109,国金证券
002772,众兴菌业
002295,精艺股份
600217,中再资环
002534,西子洁能
603201,常润股份
603009,北特科技
300637,扬帆新材
000531,穗恒运Ａ
603111,康尼机电
002667,威领股份
000691,亚太实业
002778,中晟高科
002625,光启技术
300036,超图软件
605155,西大门
300124,汇川技术
301281,科源制药
300872,天阳科技
001373,翔腾新材
688586,江航装备
002318,久立特材
605208,永茂泰
301219,腾远钴业
688011,新光光电
002812,恩捷股份
300538,同益股份
000607,华媒控股
300888,稳健医疗
600847,万里股份
300532,今天国际
002494,华斯股份
688079,美迪凯
603333,尚纬股份
688363,华熙生物
301366,一博科技
000821,京山轻机
003023,彩虹集团
688343,云天励飞-U
833943,优机股份
603053,成都燃气
301100,风光股份
300327,中颖电子
300275,梅安森
600476,湘邮科技
000567,海德股份
600822,上海物贸
002163,海南发展
603786,科博达
002998,优彩资源
600073,上海梅林
300263,隆华科技
301368,丰立智能
300990,同飞股份
600586,金晶科技
601828,美凯龙
601966,玲珑轮胎
603063,禾望电气
002988,豪美新材
300343,联创股份
688252,天德钰
002324,普利特
301200,大族数控
300115,长盈精密
002679,福建金森
603123,翠微股份
603938,三孚股份
831689,克莱特
603895,天永智能
688439,振华风光
002856,美芝股份
300341,麦克奥迪
603042,华脉科技
600288,大恒科技
688052,纳芯微
600356,恒丰纸业
002008,大族激光
000410,沈阳机床
688602,康鹏科技
601611,中国核建
002645,华宏科技
603859,能科科技
603052,可川科技
688171,纬德信息
002199,东晶电子
301266,宇邦新材
688066,航天宏图
300305,裕兴股份
301042,安联锐视
002511,中顺洁柔
600796,钱江生化
301210,金杨股份
002620,瑞和股份
603887,城地香江
301190,善水科技
605018,长华集团
003008,开普检测
603266,天龙股份
605277,新亚电子
605003,众望布艺
603657,春光科技
002239,奥特佳
301283,聚胶股份
603030,*ST全筑
300674,宇信科技
600834,申通地铁
600765,中航重机
600497,驰宏锌锗
870866,绿亨科技
600500,中化国际
000679,大连友谊
300100,双林股份
002577,雷柏科技
688662,富信科技
002695,煌上煌
300398,飞凯材料
002164,宁波东力
688478,晶升股份
603272,联翔股份
300209,ST有棵树
601366,利群股份
300504,天邑股份
000868,安凯客车
688135,利扬芯片
002449,国星光电
002078,太阳纸业
688680,海优新材
601956,东贝集团
300749,顶固集创
300829,金丹科技
605080,浙江自然
000737,北方铜业
600927,永安期货
000931,中 关 村
300690,双一科技
603012,创力集团
603861,白云电器
002926,华西证券
003015,日久光电
603833,欧派家居
002006,精工科技
002111,威海广泰
688277,天智航-U
300593,新雷能
688071,华依科技
833873,中设咨询
002962,五方光电
000560,我爱我家
600660,福耀玻璃
301279,金道科技
300956,英力股份
002971,和远气体
301192,泰祥股份
600006,东风汽车
830964,润农节水
603577,汇金通
002105,信隆健康
002328,新朋股份
603335,迪生力
605198,安德利
600780,通宝能源
600707,彩虹股份
002333,罗普斯金
688353,华盛锂电
000885,城发环境
002977,天箭科技
688111,金山办公
000826,启迪环境
600108,亚盛集团
300555,ST路通
000004,国华网安
002419,天虹股份
002137,实益达
002475,立讯精密
002217,合力泰
600603,广汇物流
300711,广哈通信
301295,美硕科技
002565,顺灏股份
832089,禾昌聚合
300046,台基股份
000501,武商集团
600797,浙大网新
603708,家家悦
600452,涪陵电力
601609,金田股份
603506,南都物业
600638,新黄浦
300017,网宿科技
003010,若羽臣
603163,圣晖集成
600199,金种子酒
000949,新乡化纤
833533,骏创科技
688369,致远互联
600845,宝信软件
600360,华微电子
002421,达实智能
300546,雄帝科技
002130,沃尔核材
002757,南兴股份
688636,智明达
834599,同力股份
600610,中毅达
301065,本立科技
300269,联建光电
002277,友阿股份
000068,华控赛格
871634,新威凌
603991,至正股份
002787,华源控股
603051,鹿山新材
300760,迈瑞医疗
600133,东湖高新
001316,润贝航科
300535,达威股份
000039,中集集团
603776,永安行
600800,渤海化学
002167,东方锆业
600129,太极集团
688737,中自科技
838402,硅烷科技
603010,万盛股份
002833,弘亚数控
002208,合肥城建
001283,豪鹏科技
000009,中国宝安
002017,东信和平
300523,辰安科技
600939,重庆建工
002122,汇洲智能
601126,四方股份
603135,中重科技
603013,亚普股份
301302,华如科技
603161,科华控股
688638,誉辰智能
605158,华达新材
003000,劲仔食品
002219,新里程
605500,森林包装
688159,有方科技
832419,路斯股份
300542,新晨科技
600368,五洲交通
688244,永信至诚
301135,瑞德智能
000625,长安汽车
600794,保税科技
002225,濮耐股份
300620,光库科技
002402,和而泰
600084,中葡股份
002387,维信诺
000528,柳    工
600511,国药股份
002296,辉煌科技
300512,中亚股份
600824,益民集团
002216,三全食品
835184,国源科技
300906,日月明
002203,海亮股份
300910,瑞丰新材
301325,曼恩斯特
600315,上海家化
603035,常熟汽饰
300935,盈建科
002769,普路通
300962,中金辐照
002126,银轮股份
002676,顺威股份
603806,福斯特
603079,圣达生物
600839,四川长虹
001333,光华股份
688466,金科环境
000409,云鼎科技
300699,光威复材
002160,常铝股份
832149,利尔达
000553,安道麦A
300618,寒锐钴业
002825,纳尔股份
002233,塔牌集团
000757,浩物股份
001360,南矿集团
601555,东吴证券
300597,吉大通信
688272,*ST富吉
688500,*ST慧辰
600570,恒生电子
002265,建设工业
600859,王府井
002243,力合科创
001256,炜冈科技
002032,苏 泊 尔
688981,中芯国际
603599,广信股份
605589,圣泉集团
688510,航亚科技
002246,北化股份
300626,华瑞股份
002572,索菲亚
600126,杭钢股份
000973,佛塑科技
603915,国茂股份
002887,绿茵生态
600156,华升股份
002467,二六三
002760,凤形股份
002788,鹭燕医药
600501,航天晨光
001318,阳光乳业
300889,爱克股份
301196,唯科科技
830896,旺成科技
002124,天邦食品
000720,新能泰山
600988,赤峰黄金
300669,沪宁股份
300421,力星股份
600885,宏发股份
002201,正威新材
605398,新炬网络
603617,君禾股份
836260,中寰股份
832278,鹿得医疗
000790,华神科技
688561,奇安信-U
688689,银河微电
603758,秦安股份
301183,东田微
300348,长亮科技
000551,创元科技
002609,捷顺科技
600507,方大特钢
002344,海宁皮城
300383,光环新网
603869,新智认知
300501,海顺新材
688686,奥普特
300468,四方精创
603919,金徽酒
600540,新赛股份
600319,亚星化学
603085,天成自控
002789,建艺集团
600210,紫江企业
688010,福光股份
300897,山科智能
600207,安彩高科
000548,湖南投资
600572,康恩贝
002602,世纪华通
605338,巴比食品
000851,高鸿股份
603036,如通股份
002790,瑞尔特
000628,高新发展
603150,万朗磁塑
000859,国风新材
300617,安靠智电
601688,华泰证券
000065,北方国际
601058,赛轮轮胎
605319,无锡振华
603508,思维列控
600869,远东股份
600236,桂冠电力
300272,开能健康
600107,美尔雅
000995,*ST皇台
603109,神驰机电
688469,中芯集成-U
000063,中兴通讯
001337,四川黄金
603214,爱婴室
002144,宏达高科
000623,吉林敖东
600561,江西长运
603389,亚振家居
688661,和林微纳
839792,东和新材
603797,联泰环保
003043,华亚智能
000504,南华生物
600336,澳柯玛
688296,和达科技
002398,垒知集团
002953,日丰股份
600470,六国化工
002540,亚太科技
002910,庄园牧场
603190,亚通精工
688275,万润新能
301193,家联科技
000020,深华发Ａ
600493,凤竹纺织
870436,大地电气
300539,横河精密
688507,索辰科技
301069,凯盛新材
600149,廊坊发展
838924,广脉科技
002330,得利斯
002170,芭田股份
603505,金石资源
688163,赛伦生物
300136,信维通信
002378,章源钨业
002797,第一创业
600602,云赛智联
300582,英飞特
002541,鸿路钢构
300126,锐奇股份
605056,咸亨国际
300643,万通智控
002388,新亚制程
833266,生物谷
301293,三博脑科
831855,浙江大农
300291,百纳千成
002911,佛燃能源
300481,濮阳惠成
002605,姚记科技
601208,东材科技
002521,齐峰新材
301297,富乐德
301087,可孚医疗
300056,中创环保
833346,威贸电子
002283,天润工业
603900,莱绅通灵
600590,泰豪科技
000603,盛达资源
603626,科森科技
002048,宁波华翔
002462,嘉事堂
688155,先惠技术
603950,长源东谷
300695,兆丰股份
002929,润建股份
000049,德赛电池
002350,北京科锐
301052,果麦文化
601901,方正证券
600917,重庆燃气
301039,中集车辆
000703,恒逸石化
002213,大为股份
600234,科新发展
300677,英科医疗
002673,西部证券
600546,山煤国际
002187,广百股份
600999,招商证券
688536,思瑞浦
300219,鸿利智汇
001268,联合精密
836239,长虹能源
600785,新华百货
688286,敏芯股份
002381,双箭股份
603738,泰晶科技
688558,国盛智科
300320,海达股份
600756,浪潮软件
002455,百川股份
000960,锡业股份
002364,中恒电气
600061,国投资本
605006,山东玻纤
600562,国睿科技
688391,钜泉科技
603956,威派格
688036,传音控股
688496,清越科技
301296,新巨丰
603949,雪龙集团
832471,美邦科技
688395,正弦电气
300998,宁波方正
002957,科瑞技术
002424,贵州百灵
601163,三角轮胎
300752,隆利科技
688260,昀冢科技
002639,雪人股份
301180,万祥科技
300691,联合光电
300767,震安科技
002746,仙坛股份
000789,万年青
603920,世运电路
002335,科华数据
300879,大叶股份
301004,嘉益股份
000877,天山股份
002841,视源股份
000906,浙商中拓
000951,中国重汽
835892,中科美菱
002660,茂硕电源
301282,金禄电子
600128,苏豪弘业
688033,天宜上佳
301316,慧博云通
836942,恒立钻具
600873,梅花生物
300236,上海新阳
002745,木林森
601311,骆驼股份
601061,中信金属
605151,西上海
600875,东方电气
002670,国盛金控
688516,奥特维
603789,星光农机
605358,立昂微
002037,保利联合
600741,华域汽车
002736,国信证券
002134,天津普林
600007,中国国贸
603799,华友钴业
300903,科翔股份
301040,中环海陆
688030,山石网科
600718,东软集团
000830,鲁西化工
300170,汉得信息
002389,航天彩虹
603877,太平鸟
002762,金发拉比
832651,天罡股份
300649,杭州园林
000989,九 芝 堂
300462,华铭智能
300884,狄耐克
300652,雷迪克
301086,鸿富瀚
300280,紫天科技
000333,美的集团
300610,晨化股份
839167,同享科技
300382,斯莱克
002125,湘潭电化
002051,中工国际
603213,镇洋发展
300434,金石亚药
000878,云南铜业
688388,嘉元科技
003030,祖名股份
002768,国恩股份
002346,柘中股份
001300,三柏硕
301331,恩威医药
831906,舜宇精工
301139,元道通信
300900,广联航空
600783,鲁信创投
002153,石基信息
601116,三江购物
300853,申昊科技
300743,天地数码
688366,昊海生科
603836,海程邦达
603105,芯能科技
600459,贵研铂业
301216,万凯新材
300825,阿尔特
001914,招商积余
688115,思林杰
301109,军信股份
301202,朗威股份
688499,利元亨
689009,九号公司-WD
300174,元力股份
688262,国芯科技
601615,明阳智能
002935,天奥电子
688563,航材股份
688357,建龙微纳
603268,松发股份
605086,龙高股份
603619,中曼石油
688772,珠海冠宇
300331,苏大维格
688061,灿瑞科技
300811,铂科新材
688699,明微电子
301399,英特科技
301209,联合化学
603040,新坐标
688021,奥福环保
688097,博众精工
003004,声迅股份
300648,星云股份
301337,亚华电子
603822,嘉澳环保
002993,奥海科技
003028,振邦智能
300938,信测标准
835368,连城数控
688290,景业智能
300496,中科创达
873527,夜光明
873339,恒太照明
871857,泓禧科技
871642,通易航天
839719,宁新新材
839371,欧福蛋业
838971,天马新材
838275,驱动力
838171,邦德股份
837344,三元基因
837212,智新电子
836717,瑞星股份
834765,美之高
834682,球冠电缆
834639,晨光电缆
833580,科创新材
833171,国航远洋
833075,柏星龙
832876,慧为智能
832145,恒合股份
831834,三维股份
831641,格利尔
830974,凯大催化
688693,锴威特
688679,通源环境
688671,碧兴物联
688658,悦康药业
688623,双元科技
688592,司南导航
688573,信宇人
688555,退市泽达
688548,广钢气体
688538,和辉光电-U
688509,正元地信
688425,铁建重工
688347,华虹公司
688285,高铁电气
688098,申联生物
688086,退市紫晶
688069,德林海
605333,沪光股份
605138,盛泰集团
605055,迎丰股份
603996,退市中新
603813,原尚股份
603701,德宏股份
603669,灵康药业
603602,纵横通信
603499,翔港科技
603429,集友股份
603390,通达电气
603296,华勤技术
603289,泰瑞机器
603157,退市拉夏
603038,华立股份
603020,爱普股份
603011,合锻智能
601996,丰林集团
601992,金隅集团
601969,海南矿业
601869,长飞光纤
601866,中远海发
601860,紫金银行
601788,光大证券
601727,上海电气
601686,友发集团
601616,广电电气
601608,中信重工
601558,退市锐电
601388,怡球资源
601330,绿色动力
601326,秦港股份
601299,中国北车
601268,*ST二重
601258,*ST庞大
601113,华鼎股份
601107,四川成渝
601010,文峰股份
601003,柳钢股份
601002,晋亿实业
600991,广汽长丰
600978,*ST宜生
600899,*ST信联
600896,退市海医
600891,退市秋林
600890,退市中房
600887,伊利股份
600878,*ST北科
600871,石化油服
600870,退市厦华
600864,哈投股份
600856,退市中天
600855,航天长峰
600852,*ST中川
600849,上药转换
600846,同济科技
600842,中西药业
600840,新湖创业
600837,海通证券
600835,上海机电
600832,东方明珠
600815,厦工股份
600813,ST鞍一工
600806,退市昆机
600799,*ST龙科
600790,轻纺城
600788,*ST达曼
600786,东方锅炉
600784,鲁银投资
600782,新钢股份
600781,退市辅仁
600772,S*ST龙昌
600770,综艺股份
600767,退市运盛
600762,S*ST金荔
600752,*ST哈慈
600747,退市大控
600723,首商股份
600722,金牛化工
600709,ST生态
600708,光明地产
600701,退市工新
600700,*ST数码
600695,退市绿庭
600690,海尔智家
600687,退市刚泰
600680,*ST上普
600677,*ST航通
600673,东阳光
600672,*ST华圣
600670,*ST斯达
600669,*ST鞍成
600662,外服控股
600659,*ST花雕
600656,退市博元
600652,退市游久
600650,锦江在线
600647,*ST同达
600646,ST国嘉
600634,退市富控
600632,华联商厦
600631,百联股份
600627,上电股份
600625,PT水仙
600614,退市鹏起
600611,大众交通
600609,金杯汽车
600607,上实医药
600591,*ST上航
600582,天地科技
600555,退市海创
600553,太行水泥
600532,退市未来
600522,中天科技
600502,安徽建工
600485,*ST信威
600472,包头铝业
600466,*ST蓝光
600458,时代新材
600448,华纺股份
600439,瑞贝卡
600432,退市吉恩
600423,柳化股份
600401,退市海润
600396,*ST金山
600393,ST粤泰
600385,退市金泰
600383,金地集团
600362,江西铜业
600357,承德钒钛
600340,华夏幸福
600333,长春燃气
600321,正源股份
600317,营口港
600311,*ST荣华
600296,S兰铝
600291,退市西水
600287,江苏舜天
600286,S*ST国瓷
600278,东方创业
600275,退市昌鱼
600272,开开实业
600270,外运发展
600265,ST景谷
600263,路桥建设
600260,*ST凯乐
600253,天方药业
600247,*ST成城
600243,青海华鼎
600242,退市中昌
600240,退市华业
600232,金鹰股份
600226,瀚叶股份
600223,福瑞达
600209,退市罗顿
600205,S山东铝
600181,S*ST云大
600175,退市美都
600146,退市环球
600145,退市新亿
600139,*ST西源
600122,*ST宏图
600102,莱钢股份
600093,退市易见
600092,S*ST精密
600091,退市明科
600090,退市济堂
600088,中视传媒
600087,退市长油
600086,退市金钰
600081,东风科技
600077,*ST宋都
600075,新疆天业
600074,退市保千
600070,ST富润
600069,退市银鸽
600068,葛洲坝
600065,*ST联谊
600063,皖维高新
600033,福建高速
600005,武钢股份
600003,ST东北高
600002,齐鲁石化
600001,邯郸钢铁
430090,同辉信息
301533,威马农机
301518,长华化学
301511,德福科技
301510,固高科技
301509,金凯生科
301498,乖宝宠物
301487,盟固利
301469,恒达新材
301421,波长光电
301418,协昌科技
301408,华人健康
301372,科净源
301362,民爆光电
301348,蓝箭电子
301232,飞沃科技
301222,浙江恒威
301130,西点药业
301105,鸿铭股份
301096,百诚医药
300980,祥源新材
300929,华骐环保
300904,威力传动
300834,星辉环材
300810,中科海讯
300798,锦鸡股份
300738,奥飞数据
300736,百邦科技
300716,泉为科技
300703,创源股份
300644,南京聚隆
300641,正丹股份
300640,德艺文创
300588,熙菱信息
300526,中潜退
300509,新美星
300450,先导智能
300431,暴风退
300400,劲拓股份
300392,腾信退
300372,欣泰退
300369,绿盟科技
300367,网力退
300362,天翔退
300356,光一退
300336,新文退
300330,计通退
300325,德威退
300312,邦讯退
300309,吉艾退
300297,蓝盾退
300273,和佳退
300266,兴源环境
300247,融捷健康
300241,瑞丰光电
300230,永利股份
300216,千山退
300202,聚龙退
300186,大华农
300183,东软载波
300178,腾邦退
300173,福能东方
300166,东方国信
300162,雷曼光电
300159,新研股份
300156,神雾退
300152,新动力
300146,汤臣倍健
300141,和顺电气
300116,保力新
300104,乐视退
300098,高新兴
300090,盛运退
300089,文化退
300064,金刚退
300038,数知退
300028,金亚退
300023,宝德退
300022,吉峰科技
300020,银江技术
300001,特锐德
002947,恒铭达
002936,郑州银行
002931,锋龙股份
002873,新天药业
002872,ST天圣
002839,张家港行
002822,中装建设
002815,崇达技术
002796,世嘉科技
002781,奇信退
002770,科迪退
002753,永东股份
002751,易尚退
002726,龙大美食
002711,欧浦退
002692,ST远程
002687,乔治白
002686,亿利达
002684,猛狮退
002680,长生退
002666,德联集团
002664,信质集团
002663,普邦股份
002657,中科金财
002652,扬子新材
002650,加加食品
002633,申科股份
002622,皓宸医疗
002619,*ST艾格
002618,丹邦退
002613,北玻股份
002604,龙力退
002584,西陇科学
002580,圣阳股份
002573,清新环境
002570,贝因美
002559,亚威股份
002551,尚荣医疗
002548,金新农
002522,浙江众成
002509,天茂退
002506,协鑫集成
002504,*ST弘高
002503,*ST搜特
002499,科林退
002492,恒基达鑫
002485,*ST雪发
002477,雏鹰退
002473,圣莱退
002470,金正大
002464,众应退
002461,珠江啤酒
002456,欧菲光
002450,康得退
002447,晨鑫退
002446,盛路通信
002442,龙星化工
002417,深南退
002411,必康退
002397,梦洁股份
002359,北讯退
002316,亚联发展
002310,东方园林
002303,美盈森
002266,浙富控股
002260,德奥退
002256,兆新股份
002220,天宝退
002196,方正电机
002185,华天科技
002147,新光退
002143,印纪退
002139,拓邦股份
002132,恒星科技
002118,*ST紫鑫
002114,罗平锌电
002113,*ST天润
002094,青岛金王
002076,星光股份
002075,沙钢股份
002071,长城退
002070,众和退
002069,獐子岛
002062,宏润建设
002052,ST同洲
002018,华信退
002013,中航机电
002010,传化智联
001282,三联锻造
001229,魅视科技
001203,大中矿业
000996,*ST中期
000979,中弘退
000972,中基健康
000958,电投产融
000956,中原油气
000939,凯迪退
000938,紫光股份
000918,*ST嘉凯
000916,华北高速
000910,大亚圣象
000900,现代投资
000889,ST中嘉
000875,吉电股份
000866,扬子石化
000862,银星能源
000860,顺鑫农业
000835,长动退
000832,*ST龙涤
000827,*ST长兴
000817,辽河油田
000810,创维数字
000806,银河退
000805,*ST炎黄
000787,*ST创智
000785,居然之家
000783,长江证券
000782,美达股份
000780,ST平能
000769,*ST大菲
000765,*ST华信
000763,锦州石化
000760,斯太退
000748,长城信息
000732,ST泰禾
000730,*ST环保
000717,中南股份
000699,S*ST佳纸
000693,华泽退
000689,ST宏业
000687,华讯退
000675,ST银山
000673,当代退
000671,ST阳光城
000667,ST美置
000662,天夏退
000660,*ST南华
000658,ST海洋
000653,ST九州
000622,恒立实业
000621,*ST比特
000620,*ST新联
000618,吉林化工
000616,*ST海投
000613,东海A退
000611,天首退
000606,顺利退
000602,金马集团
000594,国恒退
000588,PT粤金曼
000587,*ST金洲
000585,东电退
000583,S*ST托普
000578,盐湖集团
000569,长城股份
000563,陕国投Ａ
000562,宏源证券
000558,莱茵体育
000556,PT南洋
000549,S湘火炬
000542,TCL通讯
000540,*ST中天
000535,*ST猴王
000527,美的电器
000522,白云山A
000515,攀渝钛业
000511,烯碳退
000508,琼民源A
000507,珠海港
000502,绿景退
000423,东阿阿胶
000418,小天鹅A
000412,ST五环
000407,胜利股份
000406,石油大明
000405,ST鑫光
000338,潍柴动力
000150,*ST宜康
000100,TCL科技
000069,华侨城Ａ
000047,ST中侨
000038,大通退
000033,新都退
000024,招商地产
000018,神城A退
000015,PT中浩A
000013,*ST石化A
000012,南  玻Ａ
000008,神州高铁
000003,PT金田A
600132,重庆啤酒
603039,泛微网络
688503,聚和材料
002920,德赛西威
300973,立高食品
688234,天岳先进
688633,星球石墨
301206,三元生物
688551,科威尔
688205,德科立
301327,华宝新能
688529,豪森股份
603948,建业股份
002779,中坚科技
688067,爱威科技
688211,中科微至
000596,古井贡酒
688151,华强科技
603486,科沃斯
003038,鑫铂股份
301158,德石股份
603876,鼎胜新材
600486,扬农化工
000025,特  力Ａ
688209,英集芯
300019,硅宝科技
688039,当虹科技
300602,飞荣达
600419,天润乳业
300492,华图山鼎
300994,久祺股份
001236,弘业期货
605007,五洲特纸
603706,东方环宇
002326,永太科技
300997,欢乐家
600520,文一科技
000568,泸州老窖
301041,金百泽
300531,优博讯
301133,金钟股份
300911,亿田智能
600392,盛和资源
603500,祥和实业
301335,天元宠物
601065,江盐集团
603327,福蓉科技
300971,博亚精工
001217,华尔泰
688223,晶科能源
603633,徕木股份
600668,尖峰集团
605303,园林股份
002871,伟隆股份
603551,奥普家居
603067,振华股份
002544,普天科技
605050,福然德
001218,丽臣实业
603360,百傲化学
301212,联盛化学
600768,宁波富邦
688114,华大智造
600059,古越龙山
688287,观典防务
600482,中国动力
603898,好莱客
300848,美瑞新材
600857,宁波中百
600435,北方导航
000880,潍柴重机
601186,XD中国铁
002441,众业达
002823,凯中精密
002917,金奥博
002281,光迅科技
601512,中新集团
603022,新通联
002487,大金重工
003018,金富科技
002212,天融信
002959,小熊电器
603779,威龙股份
300265,通光线缆
002942,新农股份
600803,新奥股份
002579,中京电子
603903,中持股份
300095,华伍股份
600615,丰华股份
002074,国轩高科
000997,新 大 陆
688150,莱特光电
001258,立新能源
300261,雅本化学
000829,天音控股
603885,吉祥航空
688187,时代电气
001225,和泰机电
002576,通达动力
688181,八亿时空
688015,交控科技
600335,国机汽车
300712,永福股份
300486,东杰智能
300454,深信服
300428,立中集团
300319,麦捷科技
603787,新日股份
300599,雄塑科技
837821,则成电子
002831,裕同科技
300604,长川科技
603768,常青股份
600037,歌华有线
002727,一心堂
300493,润欣科技
300665,飞鹿股份
834261,一诺威
000582,北部湾港
002028,思源电气
002300,太阳电缆
000685,中山公用
301003,江苏博云
000636,风华高科
831195,三祥科技
601689,拓普集团
830799,艾融软件
002774,快意电梯
301318,维海德
600104,上汽集团
002651,利君股份
838670,恒进感应
000952,广济药业
603095,越剑智能
688681,科汇股份
300861,美畅股份
603517,绝味食品
300285,国瓷材料
688432,有研硅
002190,成飞集成
600969,郴电国际
830946,森萱医药
000061,农 产 品
002722,物产金轮
688455,科捷智能
601226,华电重工
301188,力诺特玻
871981,晶赛科技
839729,永顺生物
603189,网达软件
603198,迎驾贡酒
600167,联美控股
300083,创世纪
600351,亚宝药业
603166,福达股份
301285,鸿日达
603677,奇精机械
600965,福成股份
002759,天际股份
002623,亚玛顿
002101,广东鸿图
000023,ST深天
688619,罗普特
605222,起帆电缆
688365,光云科技
002563,森马服饰
301223,中荣股份
000799,酒鬼酒
002235,安妮股份
002121,科陆电子
002995,天地在线
605133,嵘泰股份
000301,东方盛虹
600549,厦门钨业
603995,甬金股份
000895,双汇发展
688663,新风光
835985,海泰新能
300228,富瑞特装
301273,瑞晨环保
600409,三友化工
600390,五矿资本
002066,瑞泰科技
600371,万向德农
600831,广电网络
002631,德尔未来
002241,歌尔股份
300474,景嘉微
600720,祁连山
603968,醋化股份
688200,华峰测控
002439,启明星辰
002148,北纬科技
688102,斯瑞新材
688697,纽威数控
301018,申菱环境
600990,四创电子
300804,广康生化
002053,云南能投
002453,华软科技
600235,民丰特纸
002827,高争民爆
002840,华统股份
688660,电气风电
301187,欧圣电气
600640,国脉文化
600866,星湖科技
603098,森特股份
002483,润邦股份
300565,科信技术
833427,华维设计
600543,*ST莫高
872351,华光源海
601158,重庆水务
300575,中旗股份
601908,京运通
603355,莱克电气
600163,中闽能源
601568,北元集团
000776,广发证券
603757,大元泵业
603755,日辰股份
873169,七丰精工
300837,浙矿股份
688400,凌云光
605122,四方新材
002594,比亚迪
002183,怡 亚 通
688049,炬芯科技
688237,超卓航科
836807,奔朗新材
603359,东珠生态
002413,雷科防务
003006,百亚股份
837046,亿能电力
688184,帕瓦股份
002868,绿康生化
002242,九阳股份
832000,安徽凤凰
601211,国泰君安
300919,中伟股份
300107,建新股份
002845,同兴达
603033,三维股份
837092,汉鑫科技
688472,阿特斯
002375,亚厦股份
002204,大连重工
605008,长鸿高科
603703,盛洋科技
002003,伟星股份
300614,百川畅银
831856,浩淼科技
000002,万  科Ａ
002816,*ST和科
000166,申万宏源
603588,高能环境
002181,粤 传 媒
603969,银龙股份
002081,金 螳 螂
688386,泛亚微透
002752,昇兴股份
601678,滨化股份
600303,ST曙光
300271,华宇软件
603596,伯特利
002688,金河生物
000955,欣龙控股
600548,深高速
605287,德才股份
603069,海汽集团
600745,闻泰科技
003019,宸展光电
603916,苏博特
300465,高伟达
002083,孚日股份
600758,辽宁能源
002701,奥瑞金
000153,丰原药业
600048,保利发展
300078,思创医惠
603093,南华期货
600066,宇通客车
000935,四川双马
002088,鲁阳节能
603331,百达精工
603127,昭衍新药
688288,鸿泉物联
001965,招商公路
603018,华设集团
601628,中国人寿
688550,瑞联新材
603980,吉华集团
605009,豪悦护理
831304,迪尔化工
002557,洽洽食品
000848,承德露露
000652,泰达股份
839680,广道数字
601008,连云港
836871,派特尔
600850,电科数字
601515,东风股份
300513,恒实科技
301035,润丰股份
603880,ST南卫
002843,泰嘉股份
002370,亚太药业
605336,帅丰电器
603922,金鸿顺
688089,嘉必优
600281,华阳新材
000825,太钢不锈
871245,威博液压
601619,嘉泽新能
688230,芯导科技
300484,蓝海华腾
603535,嘉诚国际
688556,高测股份
688280,精进电动-UW
002312,川发龙蟒
600386,北巴传媒
300730,科创信息
300140,中环装备
300340,科恒股份
002978,安宁股份
600120,浙江东方
600703,三安光电
600483,福能股份
001230,劲旅环境
688520,神州细胞-U
688739,成大生物
300975,商络电子
300968,格林精密
300789,唐源电气
688293,奥浦迈
000731,四川美丰
002969,嘉美包装
601921,浙版传媒
000990,诚志股份
603527,众源新材
605196,华通线缆
870299,灿能电力
688585,上纬新材
601579,会稽山
300802,矩子科技
603206,嘉环科技
834014,特瑞斯
600089,特变电工
000881,中广核技
002903,宇环数控
000705,浙江震元
603041,美思德
600705,中航产融
601390,中国中铁
603308,应流股份
000544,中原环保
688480,赛恩斯
002410,广联达
002291,遥望科技
601360,三六零
002043,兔 宝 宝
600496,精工钢构
002933,新兴装备
300259,新天科技
002392,北京利尔
600755,厦门国贸
688518,联赢激光
688249,晶合集成
601218,吉鑫科技
300201,海伦哲
600020,中原高速
002556,辉隆股份
002554,惠博普
601827,三峰环境
300222,科大智能
601677,明泰铝业
002821,凯莱英
600135,乐凯胶片
300709,精研科技
838810,春光药装
300958,建工修复
688156,路德环境
000987,越秀资本
688779,长远锂科
600578,京能电力
002202,金风科技
300030,阳普医疗
603823,百合花
603992,松霖科技
002646,天佑德酒
300907,康平科技
600838,上海九百
301198,喜悦智行
601231,环旭电子
600798,宁波海运
603408,建霖家居
300257,开山股份
301388,欣灵电气
002880,卫光生物
603676,卫信康
300072,海新能科
601133,柏诚股份
688007,光峰科技
603679,华体科技
603103,横店影视
430556,雅达股份
002301,齐心集团
688380,中微半导
688403,汇成股份
300622,博士眼镜
300196,长海股份
603700,宁水集团
300635,中达安
601128,常熟银行
002567,唐人神
600635,大众公用
301355,南王科技
831010,凯添燃气
603883,老百姓
002628,成都路桥
600171,上海贝岭
002662,京威股份
605507,国邦医药
600343,航天动力
000498,山东路桥
002238,天威视讯
603322,超讯通信
000801,四川九洲
000627,天茂集团
833429,康比特
301023,江南奕帆
002989,中天精装
300821,东岳硅材
603893,瑞芯微
833455,汇隆活塞
603223,恒通股份
603966,法兰泰克
601106,中国一重
300117,嘉寓股份
002717,岭南股份
002970,锐明技术
002228,合兴包装
601200,上海环境
603533,掌阅科技
002047,宝鹰股份
601199,江南水务
300016,北陆药业
873001,纬达光电
600623,华谊集团
301321,翰博高新
605388,均瑶健康
600981,汇鸿集团
600789,鲁抗医药
688575,亚辉龙
832802,保丽洁
603600,永艺股份
300267,尔康制药
002042,华孚时尚
603697,有友食品
836433,大唐药业
601975,招商南油
301170,锡南科技
000985,大庆华科
603235,天新药业
300103,达刚控股
003013,地铁设计
603989,艾华集团
002810,山东赫达
605286,同力日升
871553,凯腾精工
002973,侨银股份
430564,天润科技
600067,冠城大通
300534,陇神戎发
002471,中超控股
600793,宜宾纸业
600820,隧道股份
001366,播恩集团
001322,箭牌家居
300135,宝利国际
831726,朱老六
600228,返利科技
002322,理工能科
600735,新华锦
300510,金冠股份
601319,中国人保
002486,嘉麟杰
600180,瑞茂通
603212,赛伍技术
300252,金信诺
600961,株冶集团
688169,石头科技
301106,骏成科技
000635,英 力 特
600618,氯碱化工
300088,长信科技
002103,广博股份
600727,鲁北化工
688778,厦钨新能
300316,晶盛机电
002223,鱼跃医疗
300733,西菱动力
601808,中海油服
002743,富煌钢构
001205,盛航股份
600874,创业环保
603936,博敏电子
688552,航天南湖
835207,众诚科技
002958,青农商行
688513,苑东生物
000923,河钢资源
300463,迈克生物
300231,银信科技
300245,天玑科技
000932,华菱钢铁
301175,中科环保
001330,博纳影业
603059,倍加洁
688190,云路股份
603730,岱美股份
603610,麒盛科技
300145,中金环境
002096,易普力
000836,富通信息
002136,安 纳 达
605499,东鹏饮料
688099,晶晨股份
300988,津荣天宇
600725,云维股份
301280,珠城科技
688479,友车科技
605020,永和股份
873223,荣亿精密
832023,田野股份
600844,丹化科技
600678,四川金顶
000417,合肥百货
601339,百隆东方
300664,鹏鹞环保
603226,菲林格尔
688788,科思科技
603818,曲美家居
001289,龙源电力
600812,华北制药
688360,德马科技
834021,流金科技
600868,梅雁吉祥
603203,快克智能
430047,诺思兰德
000403,派林生物
300342,天银机电
430478,峆一药业
002286,保龄宝
834950,迅安科技
603659,璞泰来
300200,高盟新材
838163,方大新材
002039,黔源电力
870357,雅葆轩
831832,科达自控
301123,奕东电子
600370,三房巷
600305,恒顺醋业
603801,志邦家居
002836,新宏泽
300075,数字政通
300185,通裕重工
300182,捷成股份
300070,碧水源
600216,浙江医药
000421,南京公用
600883,博闻科技
600444,国机通用
600566,济川药业
834770,艾能聚
300768,迪普科技
300805,电声股份
301345,涛涛车业
002138,顺络电子
300899,上海凯鑫
688031,星环科技-U
300077,国民技术
000766,通化金马
600018,上港集团
600905,三峡能源
600575,淮河能源
600114,东睦股份
002661,克明食品
601700,风范股份
300925,法本信息
300119,瑞普生物
603336,宏辉果蔬
300131,英唐智控
603958,哈森股份
603986,兆易创新
000612,焦作万方
001207,联科科技
300334,津膜科技
300554,三超新材
603906,龙蟠科技
600819,耀皮玻璃
603685,晨丰科技
600051,宁波联合
603927,中科软
600467,好当家
600169,太原重工
605339,南侨食品
600379,宝光股份
300432,富临精工
002004,华邦健康
603329,上海雅仕
603180,金牌厨柜
002610,爱康科技
002274,华昌化工
002224,三 力 士
002960,青鸟消防
002158,汉钟精机
000901,航天科技
600545,卓郎智能
600252,中恒集团
600704,物产中大
831087,秋乐种业
000930,中粮科技
600137,浪莎股份
000928,中钢国际
300227,光韵达
002308,威创股份
301009,可靠股份
688655,迅捷兴
301386,未来电器
688023,安恒信息
601702,华峰铝业
002360,同德化工
603138,海量数据
831039,国义招标
002847,盐津铺子
000519,中兵红箭
001368,通达创智
002866,传艺科技
688338,赛科希德
834062,科润智控
601789,宁波建工
603881,数据港
600106,重庆路桥
002357,富临运业
870508,丰安股份
600298,安琪酵母
000709,河钢股份
600100,同方股份
603315,福鞍股份
605166,聚合顺
300352,北信源
300701,森霸传感
600897,厦门空港
300109,新开源
603167,渤海轮渡
605118,力鼎光电
603316,诚邦股份
002022,科华生物
300406,九强生物
603280,南方路机
870199,倍益康
601778,晶科科技
003026,中晶科技
600080,金花股份
002886,沃特股份
600616,金枫酒业
603367,辰欣药业
600327,大东方
002435,长江健康
831961,创远信科
000639,西王食品
300121,阳谷华泰
002382,蓝帆医疗
600667,太极实业
688512,慧智微-U
001896,豫能控股
000912,泸天化
000651,格力电器
603709,中源家居
600881,亚泰集团
688505,复旦张江
300323,华灿光电
688100,威胜信息
600876,凯盛新能
002055,得润电子
002440,闰土股份
601882,海天精工
838227,美登科技
688608,恒玄科技
300494,盛天网络
601118,海南橡胶
000017,深中华A
002396,星网锐捷
000726,鲁  泰Ａ
002967,广电计量
300207,欣旺达
002385,大北农
603116,红蜻蜓
300777,中简科技
603811,诚意药业
603216,梦天家居
688599,天合光能
835185,贝特瑞
833819,颖泰生物
688489,三未信安
835640,富士达
002247,聚力文化
601238,广汽集团
600814,杭州解百
603288,海天味业
002162,悦心健康
300031,宝通科技
002615,哈尔斯
300337,银邦股份
836675,秉扬科技
603007,ST花王
430300,辰光医疗
831768,拾比佰
003031,中瓷电子
600760,中航沈飞
603176,汇通集团
301078,孩子王
001216,华瓷股份
688110,东芯股份
300424,航新科技
688571,杭华股份
600538,国发股份
600297,广汇汽车
603060,国检集团
300796,贝斯美
002991,甘源食品
605099,共创草坪
873305,九菱科技
688029,南微医学
600498,烽火通信
603353,和顺石油
601216,君正集团
600011,华能国际
603032,德新科技
601766,中国中车
002437,誉衡药业
301236,软通动力
603689,皖天然气
002514,宝馨科技
600271,航天信息
603023,威帝股份
002649,博彦科技
301225,恒勃股份
603690,至纯科技
000521,长虹美菱
603637,镇海股份
300376,易事特
300063,天龙集团
300591,万里马
001313,粤海饲料
002060,粤 水 电
603365,水星家纺
000590,启迪药业
002571,德力股份
605088,冠盛股份
003001,中岩大地
002386,天原股份
300693,盛弘股份
603628,清源股份
002342,巨力索具
001228,永泰运
301107,瑜欣电子
300843,胜蓝股份
605168,三人行
600191,华资实业
300430,诚益通
688722,同益中
600098,广州发展
603829,洛凯股份
603983,丸美股份
603100,川仪股份
603558,健盛集团
603115,海星股份
600477,杭萧钢构
603300,华铁应急
603281,江瀚新材
603122,合富中国
300288,朗玛信息
300880,迦南智能
600519,贵州茅台
002115,三维通信
002582,好想你
002374,中锐股份
835508,殷图网联
600527,江南高纤
000708,中信特钢
688208,道通科技
872392,佳合科技
300483,首华燃气
002672,东江环保
300577,开润股份
000750,国海证券
688629,华丰科技
600461,洪城环境
603458,勘设股份
600258,首旅酒店
872190,雷神科技
600521,华海药业
605288,凯迪股份
002829,星网宇达
000850,华茂股份
002268,电科网安
300040,九洲集团
000876,新 希 望
300408,三环集团
000959,首钢股份
601900,南方传媒
000929,兰州黄河
605167,利柏特
003041,真爱美家
688631,莱斯信息
002489,浙江永强
605081,太和水
601668,中国建筑
002145,中核钛白
600359,新农开发
300661,圣邦股份
603696,安记食品
300187,永清环保
600308,华泰股份
000970,中科三环
300570,太辰光
600809,山西汾酒
836699,海达尔
430017,星昊医药
002593,日上集团
301070,开勒股份
832171,志晟信息
300569,天能重工
603668,天马科技
002756,永兴材料
600183,生益科技
688009,中国通号
002178,延华智能
688370,丛麟科技
872895,花溪科技
600925,苏能股份
300672,国科微
002807,江阴银行
603580,艾艾精工
002819,东方中科
002729,好利科技
600518,ST康美
300243,瑞丰高材
002578,闽发铝业
688328,深科达
002348,高乐股份
603488,展鹏科技
300893,松原股份
600233,圆通速递
603182,嘉华股份
002107,沃华医药
603363,傲农生物
600273,嘉化能源
603377,东方时尚
301277,新天地
430425,乐创技术
300885,海昌新材
688560,明冠新材
002640,跨境通
300931,通用电梯
002151,北斗星通
688295,中复神鹰
600884,杉杉股份
603585,苏利股份
603139,康惠制药
002227,奥 特 迅
688323,瑞华泰
000547,航天发展
002278,神开股份
603967,中创物流
600861,北京人力
603128,华贸物流
603200,上海洗霸
600166,福田汽车
300132,青松股份
002898,赛隆药业
600328,中盐化工
002897,意华股份
605337,李子园
000975,银泰黄金
600795,国电电力
839790,联迪信息
300572,安车检测
002627,三峡旅游
002457,青龙管业
688701,卓锦股份
000598,兴蓉环境
600882,妙可蓝多
002205,国统股份
300833,浩洋股份
836270,天铭科技
600886,国投电力
000400,许继电气
300870,欧陆通
301238,瑞泰新材
000713,丰乐种业
300568,星源材质
601111,中国国航
688597,煜邦电力
000971,ST高升
000953,河化股份
002637,赞宇科技
836414,欧普泰
833914,远航精密
301229,纽泰格
000426,兴业银锡
300318,博晖创新
603639,海利尔
601016,节能风电
600629,华建集团
600872,中炬高新
000089,深圳机场
600160,巨化股份
600769,祥龙电业
873167,新赣江
688387,信科移动-U
600433,冠豪高新
300942,易瑞生物
000711,*ST京蓝
688207,格灵深瞳
600143,金发科技
688368,晶丰明源
002245,蔚蓝锂芯
301090,华润材料
688003,天准科技
300069,金利华电
833454,同心传动
603683,晶华新材
600713,南京医药
000822,山东海化
600956,新天绿能
600633,浙数文化
300499,高澜股份
605177,东亚药业
002928,华夏航空
605128,上海沿浦
002343,慈文传媒
002826,易明医药
688309,恒誉环保
688219,XD会通股
600182,S佳通
600694,大商股份
300391,长药控股
300390,天华新能
000633,合金投资
002606,大连电瓷
300006,莱美药业
603332,苏州龙杰
601968,宝钢包装
600177,雅戈尔
688199,久日新材
600309,万华化学
600025,华能水电
600111,北方稀土
832735,德源药业
601888,中国中免
603117,ST万林
603848,好太太
002307,北新路桥
002007,华兰生物
002532,天山铝业
600526,菲达环保
000509,华塑控股
001222,源飞宠物
832110,雷特科技
601369,陕鼓动力
605100,华丰股份
600568,ST中珠
000811,冰轮环境
002394,联发股份
002783,凯龙股份
603567,珍宝岛
002259,ST升达
002669,康达新材
300719,安达维尔
000657,中钨高新
600151,航天机电
600962,国投中鲁
000755,山西路桥
002982,湘佳股份
300783,三只松鼠
688620,安凯微
002409,雅克科技
430510,丰光精密
600898,ST美讯
301300,远翔新材
000779,甘咨询
002240,盛新锂能
000488,晨鸣纸业
300671,富满微
000735,罗 牛 山
301071,力量钻石
600277,亿利洁能
000055,方大集团
605366,宏柏新材
300658,延江股份
835174,五新隧装
001287,中电港
000637,ST实华
300184,力源信息
600337,美克家居
603301,振德医疗
002182,云海金属
001296,长江材料
000688,国城矿业
600212,绿能慧充
600478,科力远
688068,热景生物
603017,中衡设计
002653,海思科
601038,一拖股份
002860,星帅尔
300634,彩讯股份
300255,常山药业
301025,读客文化
600900,长江电力
300326,凯利泰
300240,飞力达
300204,舒泰神
300772,运达股份
836957,汉维科技
300883,龙利得
872541,铁大科技
000059,华锦股份
688239,航宇科技
002696,百洋股份
688129,东来技术
688459,哈铁科技
600219,南山铝业
300218,安利股份
000650,仁和药业
002414,高德红外
600836,上海易连
603256,宏和科技
600491,龙元建设
600300,维维股份
688317,之江生物
603808,歌力思
601336,新华保险
600213,亚星客车
603718,海利生物
301118,恒光股份
301010,晶雪节能
300547,川环科技
300082,奥克股份
000078,海王生物
688707,振华新材
600637,东方明珠
300332,天壕能源
301043,绿岛风
000729,燕京啤酒
688351,微电生理-U
300967,晓鸣股份
301317,鑫磊股份
002515,金字火腿
002279,久其软件
688553,汇宇制药-W
603733,仙鹤股份
603997,继峰股份
002267,陕天然气
002091,江苏国泰
301177,迪阿股份
834407,驰诚股份
300067,安诺其
002218,拓日新能
688075,安旭生物
600717,天津港
300384,三联虹普
600211,西藏药业
002996,顺博合金
688148,芳源股份
300324,旋极信息
002015,协鑫能科
601222,林洋能源
002849,威星智能
601318,中国平安
300713,英可瑞
002507,涪陵榨菜
600131,国网信通
600929,雪天盐业
603282,亚光股份
605111,新洁能
601718,际华集团
688299,长阳科技
600730,中国高科
000813,德展健康
002236,大华股份
688475,萤石网络
600380,健康元
002469,三维化学
000601,韶能股份
836422,润普食品
300631,久吾高科
002963,豪尔赛
300785,值得买
830832,齐鲁华信
600853,龙建股份
000026,飞亚达
688528,秦川物联
300397,天和防务
601101,昊华能源
001213,中铁特货
603507,振江股份
300616,尚品宅配
600200,江苏吴中
000429,粤高速Ａ
600655,豫园股份
603396,金辰股份
430139,华岭股份
300932,三友联众
301439,泓淋电力
600833,第一医药
600062,华润双鹤
002842,翔鹭钨业
300721,怡达股份
300729,乐歌股份
300175,朗源股份
002523,天桥起重
688126,沪硅产业
300987,川网传媒
301163,宏德股份
000702,正虹科技
301028,东亚机械
002027,分众传媒
301081,严牌股份
300489,光智科技
300986,志特新材
600438,通威股份
300905,宝丽迪
300053,航宇微
300775,三角防务
300587,天铁股份
002617,露笑科技
000533,顺钠股份
600630,龙头股份
002064,华峰化学
688685,迈信林
300774,倍杰特
301359,东南电子
301075,多瑞医药
839725,惠丰钻石
600187,国中水务
601601,中国太保
002763,汇洁股份
603027,千禾味业
002828,贝肯能源
600202,哈空调
603061,金海通
600117,*ST西钢
688060,云涌科技
600512,腾达建设
000677,恒天海龙
000099,中信海直
834475,三友科技
600674,川投能源
300073,当升科技
300058,蓝色光标
688119,中钢洛耐
603080,新疆火炬
600403,大有能源
300106,西部牧业
688728,格科微
603001,ST奥康
603070,万控智造
836720,吉冈精密
300940,南极光
688345,博力威
002568,百润股份
603162,海通发展
000778,新兴铸管
000096,广聚能源
600919,江苏银行
601919,中远海控
600076,康欣新材
300548,博创科技
002263,大东南
000791,甘肃能源
002899,英派斯
300310,宜通世纪
601009,南京银行
300642,透景生命
002431,棕榈股份
300447,全信股份
000550,江铃汽车
000655,金岭矿业
603237,五芳斋
600515,海南机场
600249,两面针
300700,岱勒新材
300530,领湃科技
300299,富春股份
600096,云天化
300613,富瀚微
300379,东方通
600035,楚天高速
300966,共同药业
002818,富森美
001206,依依股份
300039,上海凯宝
605399,晨光新材
688183,生益电子
601068,中铝国际
600908,无锡银行
605296,神农集团
300212,易华录
688118,普元信息
301148,嘉戎技术
300011,鼎汉技术
001324,长青科技
000408,藏格矿业
601012,隆基绿能
601368,绿城水务
600967,内蒙一机
600556,天下秀
600262,北方股份
002800,ST天顺
601179,中国西电
603056,德邦股份
600480,凌云股份
300303,聚飞光电
002574,明牌珠宝
000788,北大医药
000524,岭南控股
002041,登海种业
002986,宇新股份
000998,隆平高科
300773,拉卡拉
000595,宝塔实业
600250,南纺股份
002001,新 和 成
600378,昊华科技
600710,苏美达
002927,泰永长征
600966,博汇纸业
603843,正平股份
688229,博睿数据
603185,弘元绿能
300412,迦南科技
688132,邦彦技术
000529,广弘控股
002321,华英农业
300308,中际旭创
601156,东航物流
600289,ST信通
002086,*ST东洋
605218,伟时电子
605169,洪通燃气
603339,四方科技
002524,光正眼科
002785,万里石
688362,甬矽电子
600594,益佰制药
301231,荣信文化
603050,科林电气
300197,节能铁汉
300770,新媒股份
300071,福石控股
300894,火星人
300147,香雪制药
002597,金禾实业
600320,振华重工
300839,博汇股份
600456,宝钛股份
300026,红日药业
000833,粤桂股份
000591,太阳能
300105,龙源技术
000919,金陵药业
600740,山西焦化
600702,舍得酒业
002761,浙江建投
300404,博济医药
600821,金开新能
688178,万德斯
600269,赣粤高速
002932,明德生物
301215,中汽股份
688203,海正生材
300435,中泰股份
603071,物产环能
300854,中兰环保
603008,喜临门
600197,XD伊力特
600935,华塑股份
002742,ST三圣
000733,振华科技
002999,天禾股份
601599,浙文影业
688218,江苏北人
000088,盐 田 港
300506,名家汇
830779,武汉蓝电
601298,青岛港
000967,盈峰环境
600858,银座股份
300099,精准信息
300965,恒宇信通
688128,中国电研
600050,中国联通
300895,铜牛信息
002830,名雕股份
002339,积成电子
000692,*ST惠天
834415,恒拓开源
002867,周大生
002273,水晶光电
002166,莱茵生物
688217,睿昂基因
300930,屹通新材
603630,拉芳家化
688186,广大特材
600058,五矿发展
301356,天振股份
002036,联创电子
600748,上实发展
688038,中科通达
605016,百龙创园
000156,华数传媒
301127,天源环保
002474,榕基软件
000739,普洛药业
688101,三达膜
002481,双塔食品
003017,大洋生物
301306,西测测试
002155,湖南黄金
300292,吴通控股
603299,苏盐井神
003039,顺控发展
839273,一致魔芋
600382,广东明珠
832566,梓橦宫
002798,帝欧家居
002002,鸿达兴业
300438,鹏辉能源
002056,横店东磁
300726,宏达电子
603356,华菱精工
688136,科兴制药
301211,亨迪药业
301000,肇民科技
603721,中广天择
603598,引力传媒
002777,久远银海
002809,红墙股份
600811,东方集团
600301,华锡有色
605090,九丰能源
300878,维康药业
301156,美农生物
002327,富安娜
688130,晶华微
601139,深圳燃气
301246,宏源药业
688081,兴图新科
002423,中粮资本
600282,南钢股份
300387,富邦股份
601868,中国能建
600810,神马股份
601717,郑煤机
600292,远达环保
300086,康芝药业
002012,凯恩股份
000710,贝瑞基因
601000,唐山港
300621,维业股份
600506,统一股份
000977,浪潮信息
300891,惠云钛业
301092,争光股份
688139,海尔生物
600220,江苏阳光
002479,富春环保
002354,天娱数科
002432,九安医疗
831167,鑫汇科
300624,万兴科技
300748,金力永磁
600206,有研新材
605180,华生科技
001367,海森药业
000034,神州数码
002092,中泰化学
000617,中油资本
000539,粤电力Ａ
688228,开普云
003022,联泓新科
600776,东方通信
603568,伟明环保
300993,玉马遮阳
002832,比音勒芬
300806,斯迪克
301068,大地海洋
002566,益盛药业
002179,中航光电
002391,长青股份
300992,泰福泵业
600986,浙文互联
002252,上海莱士
601006,大秦铁路
301091,深城交
000523,广州浪奇
301115,建科股份
000663,永安林业
000839,ST国安
000554,泰山石油
002254,泰和新材
835305,云创数据
601018,宁波港
002589,瑞康医药
002140,东华科技
605566,福莱蒽特
002304,洋河股份
002255,海陆重工
300168,万达信息
300529,健帆生物
601963,重庆银行
000883,湖北能源
600460,士兰微
600487,亨通光电
600959,江苏有线
000922,佳电股份
002755,奥赛康
600715,文投控股
002538,司尔特
002340,格林美
300611,美力科技
688127,蓝特光学
300289,利德曼
300455,航天智装
603825,华扬联众
002750,龙津药业
601188,龙江交通
000416,*ST民控
688158,优刻得-W
600642,申能股份
002547,春兴精工
603086,先达股份
600366,宁波韵升
002189,中光学
002624,完美世界
603661,恒林股份
003021,兆威机电
600970,中材国际
688618,三旺通信
688733,壹石通
000795,英洛华
000027,深圳能源
000411,英特集团
603058,永吉股份
002109,兴化股份
000066,中国长城
835237,力佳科技
002458,益生股份
300615,欣天科技
300225,金力泰
300102,乾照光电
872925,锦好医疗
603977,国泰集团
603126,中材节能
002791,坚朗五金
002287,奇正藏药
301258,富士莱
688198,佰仁医疗
601801,皖新传媒
600101,明星电力
603021,山东华鹏
601187,厦门银行
300759,康龙化成
002915,中欣氟材
300996,普联软件
000831,中国稀土
000962,东方钽业
300427,*ST红相
301270,汉仪股份
688367,工大高科
600097,开创国际
601952,苏垦农发
301059,金三江
600731,湖南海利
300052,中青宝
600112,ST天成
600193,创兴资源
688289,圣湘生物
001201,东瑞股份
300627,华测导航
603839,安正时尚
300235,方直科技
430718,合肥高科
300296,利亚德
688312,燕麦科技
002030,达安基因
002029,七 匹 狼
301292,海科新源
835857,百甲科技
300786,国林科技
002562,兄弟科技
300014,亿纬锂能
688696,极米科技
002408,齐翔腾达
600279,重庆港
300877,金春股份
300950,德固特
001298,好上好
603589,口子窖
603698,航天工程
002093,国脉科技
300436,广生堂
688270,臻镭科技
688091,上海谊众
600367,红星发展
600190,锦州港
301011,华立科技
002482,*ST广田
000040,东旭蓝天
688152,麒麟信安
688656,浩欧博
002919,名臣健康
688221,前沿生物-U
000707,双环科技
603043,广州酒家
300179,四方达
002102,冠福股份
603168,莎普爱思
600880,博瑞传播
300368,汇金股份
688121,卓然股份
600688,上海石化
002117,东港股份
600372,中航电子
600523,贵航股份
300378,鼎捷软件
430198,微创光电
002546,新联电子
002955,鸿合科技
603613,国联股份
301082,久盛电气
603238,诺邦股份
603609,禾丰股份
300224,正海磁材
300080,易成新能
002517,恺英网络
002120,韵达股份
300527,中船应急
603026,胜华新材
002838,道恩股份
688013,天臣医疗
002539,云图控股
300533,冰川网络
002415,海康威视
300708,聚灿光电
300188,美亚柏科
002712,思美传媒
301097,天益医疗
603912,佳力图
600697,欧亚集团
600125,铁龙物流
002306,中科云网
600941,中国移动
600017,日照港
300519,新光药业
600644,乐山电力
002882,金龙羽
000028,国药一致
600653,申华控股
002530,金财互联
000520,长航凤凰
600399,抚顺特钢
600528,中铁工业
600488,津药药业
003009,中天火箭
603219,富佳股份
601665,齐鲁银行
002195,二三四五
002100,天康生物
001231,农心科技
603211,晋拓股份
000762,西藏矿业
600558,大西洋
002463,沪电股份
002683,广东宏大
002332,仙琚制药
002600,领益智造
300761,立华股份
300110,华仁药业
601929,吉视传媒
300850,新强联
300497,富祥药业
002733,雄韬股份
600395,盘江股份
600008,首创环保
001286,陕西能源
300144,宋城演艺
600996,贵广网络
002034,旺能环境
000505,京粮控股
002040,南 京 港
600645,中源协和
301166,优宁维
688416,恒烁股份
300639,凯普生物
688112,鼎阳科技
300388,节能国祯
603711,香飘飘
300347,泰格医药
688259,创耀科技
301383,天键股份
002049,紫光国微
002353,杰瑞股份
603608,天创时尚
688488,艾迪药业
600056,中国医药
300795,米奥会展
600975,新五丰
603777,来伊份
001202,炬申股份
605136,丽人丽妆
600179,安通控股
605368,蓝天燃气
002135,东南网架
301369,联动科技
300093,金刚光伏
000792,盐湖股份
600170,上海建工
600354,敦煌种业
002741,光华科技
002237,恒邦股份
603261,立航科技
600316,洪都航空
600029,南方航空
301179,泽宇智能
002416,爱施德
002668,奥马电器
002057,中钢天源
000159,国际实业
600879,航天电子
688393,安必平
301376,致欧科技
603155,新亚强
301033,迈普医学
600787,中储股份
000638,万方发展
603868,飞科电器
600462,ST九有
000933,神火股份
000777,中核科技
600227,赤天化
603416,信捷电气
001331,胜通能源
603739,蔚蓝生物
002129,TCL中环
600038,中直股份
601825,沪农商行
300055,万邦达
300217,东方电热
000927,中国铁物
600774,汉商集团
603099,长白山
603566,普莱柯
300516,久之洋
600552,凯盛科技
603357,设计总院
301050,雷电微力
000155,川能动力
002234,民和股份
300004,南风股份
002950,奥美医疗
688265,南模生物
600161,天坛生物
600010,包钢股份
300520,科大国创
002476,宝莫股份
300571,平治信息
836247,华密新材
603511,爱慕股份
833781,瑞奇智造
300741,华宝股份
002528,英飞拓
600481,双良节能
300439,美康生物
002545,东方铁塔
000665,湖北广电
300360,炬华科技
836263,中航泰达
601989,中国重工
300654,世纪天鸿
601728,中国电信
300981,中红医疗
600573,惠泉啤酒
300670,大烨智能
600938,中国海油
603518,锦泓集团
600825,新华传媒
301189,奥尼电子
300302,同有科技
300189,神农科技
002558,巨人网络
300443,金雷股份
300148,天舟文化
002535,林州重机
000858,五 粮 液
688355,明志科技
600499,科达制造
002875,安奈儿
300961,深水海纳
000561,烽火电子
301119,正强股份
600021,上海电力
600916,中国黄金
688506,百利天恒-U
601001,晋控煤业
301101,明月镜片
002526,山东矿机
300249,依米康
688330,宏力达
603817,海峡环保
000001,平安银行
600997,开滦股份
000518,四环生物
300948,冠中生态
300253,卫宁健康
300892,品渥食品
300753,爱朋医疗
838030,德众汽车
002895,川恒股份
300518,盛讯达
002864,盘龙药业
600792,云煤能源
603790,雅运股份
600119,长江投资
000593,德龙汇能
603681,永冠新材
600750,江中药业
300922,天秦装备
603759,海天股份
605098,行动教育
301367,怡和嘉业
300999,金龙鱼
002923,润都股份
301259,艾布鲁
301234,五洲医疗
601567,三星医疗
688767,博拓生物
002607,中公教育
301006,迈拓股份
600979,广安爱众
300223,北京君正
300970,华绿生物
300692,中环环保
688267,中触媒
603065,宿迁联盛
688668,鼎通科技
300338,ST开元
002082,万邦德
688570,天玛智控
301126,达嘉维康
002891,中宠股份
603999,读者传媒
688251,井松智能
600563,法拉电子
002090,金智科技
001317,三羊马
601800,中国交建
600829,人民同泰
002173,创新医疗
600771,广誉远
601666,平煤股份
600032,浙江新能
002176,江特电机
605199,葫芦娃
601881,中国银河
000698,沈阳化工
000815,美利云
301201,诚达药业
002966,苏州银行
300788,中信出版
301026,浩通科技
603217,元利科技
603717,天域生态
600863,内蒙华电
002700,ST浩源
603616,韩建河山
001267,汇绿生态
839946,华阳变速
600352,浙江龙盛
300453,三鑫医疗
002325,洪涛股份
002061,浙江交科
688113,联测科技
000968,蓝焰控股
300687,赛意信息
603686,福龙马
688182,灿勤科技
000697,*ST炼石
832662,方盛股份
872374,云里物里
000902,新洋丰
002858,力盛体育
000019,深粮控股
600711,盛屯矿业
833523,德瑞锂电
600313,农发种业
601518,吉林高速
600400,红豆股份
300021,大禹节水
601918,新集能源
000963,华东医药
300793,佳禾智能
600251,冠农股份
002948,青岛银行
300418,昆仑万维
603055,台华新材
001219,青岛食品
688092,爱科科技
300087,荃银高科
002555,三七互娱
002599,盛通股份
000915,华特达因
300118,东方日升
601228,广州港
001223,欧克科技
603729,龙韵股份
600230,沧州大化
002425,凯撒文化
300122,智飞生物
301278,快可电子
688095,福昕软件
002191,劲嘉股份
603878,武进不锈
300800,力合科技
300254,仟源医药
300755,华致酒行
600238,海南椰岛
831370,新安洁
000546,ST金圆
002805,丰元股份
603218,日月股份
000852,石化机械
002648,卫星化学
600613,神奇制药
002795,永和智控
600322,天房发展
301015,百洋医药
000538,云南白药
300012,华测检测
300628,亿联网络
600867,通化东宝
600221,海航控股
002749,国光股份
002460,赣锋锂业
300065,海兰信
603222,济民医疗
300013,新宁物流
430476,海能技术
600691,阳煤化工
000725,京东方Ａ
000682,东方电子
600955,维远股份
688630,芯碁微装
603987,康德莱
603557,ST起步
601618,中国中冶
600266,城建发展
600398,海澜之家
300478,杭州高新
300298,三诺生物
603108,润达医疗
300172,中电环保
688058,宝兰德
002608,江苏国信
688271,联影医疗
688321,微芯生物
300856,科思股份
600186,莲花健康
002498,汉缆股份
002496,辉丰股份
300423,昇辉科技
600596,新安股份
600015,华夏银行
301073,君亭酒店
600664,哈药股份
000630,铜陵有色
600162,香江控股
603181,皇马科技
301047,义翘神州
600323,瀚蓝环境
000937,冀中能源
002349,精华制药
002626,金达威
002665,首航高科
002951,ST金时
000722,湖南发展
600116,三峡水利
603153,上海建科
601577,长沙银行
002909,集泰股份
300762,上海瀚讯
002128,电投能源
838262,太湖雪
600222,太龙药业
300813,泰林生物
603192,汇得科技
002518,科士达
603097,江苏华辰
002427,尤夫股份
600115,中国东航
003027,同兴环保
300485,赛升药业
300002,神州泰岳
600513,联环药业
301108,洁雅股份
300791,仙乐健康
601019,山东出版
603988,中电电机
603530,神马电力
603565,中谷物流
000035,中国天楹
002709,天赐材料
300401,花园生物
600016,民生银行
002309,ST中利
300442,润泽科技
600598,北大荒
002258,利尔化学
601991,大唐发电
301155,海力风电
300268,*ST佳沃
603712,七一二
688216,气派科技
605068,明新旭腾
301088,戎美股份
600681,百川能源
600567,山鹰国际
605228,神通科技
300867,圣元环保
603960,克来机电
002716,金贵银业
600455,博通股份
002174,游族网络
300128,锦富技术
603856,东宏股份
603096,新经典
300601,康泰生物
600928,西安银行
300194,福安药业
600973,宝胜股份
300864,南大环境
300452,山河药辅
301111,粤万年青
001238,浙江正特
605108,同庆楼
603209,兴通股份
600436,片仔癀
002690,美亚光电
300725,药石科技
301060,兰卫医学
601818,光大银行
600559,老白干酒
002390,信邦制药
002358,森源电气
000557,西部创业
002985,北摩高科
300630,普利制药
600509,天富能源
430685,新芝生物
002693,双成药业
300871,回盛生物
603102,百合股份
300220,ST金运
000661,长春高新
601965,中国汽研
002808,ST恒久
000950,重药控股
300887,谱尼测试
300603,立昂技术
300742,*ST越博
601229,上海银行
300459,汤姆猫
002315,焦点科技
002011,盾安环境
688329,艾隆科技
300274,阳光电源
601162,天风证券
300370,安控科技
300727,润禾材料
603323,苏农银行
300540,蜀道装备
300393,中来股份
300032,金龙机电
600259,广晟有色
600195,中牧股份
300043,星辉娱乐
600295,鄂尔多斯
002780,三夫户外
603003,龙宇股份
002466,天齐锂业
688303,大全能源
688677,海泰新光
600229,城市传媒
301332,德尔玛
300787,海能实业
605183,确成股份
300422,博世科
300676,华大基因
601069,西部黄金
603156,养元饮品
600057,厦门象屿
002946,新乳业
301160,翔楼新材
601669,中国电建
600490,鹏欣资源
600310,广西能源
002550,千红制药
002399,海普瑞
605123,派克新材
002275,桂林三金
600547,山东黄金
301116,益客食品
301049,超越科技
603170,宝立食品
600138,中青旅
000908,景峰医药
002276,万马股份
000819,岳阳兴长
002393,力生制药
603901,永创智能
002334,英威腾
601865,福莱特
300959,线上线下
301063,海锅股份
001328,登康口腔
300153,科泰电源
600381,青海春天
002014,永新股份
002488,金固股份
002292,奥飞娱乐
601225,陕西煤业
600267,海正药业
688073,毕得医药
688246,嘉和美康
601595,上海电影
600600,青岛啤酒
688026,洁特生物
601838,成都银行
600721,百花医药
002059,云南旅游
002033,丽江股份
002940,昂利康
300351,永贵电器
871970,大禹生物
300355,蒙草生态
603528,多伦科技
688339,亿华通-U
000978,桂林旅游
688222,成都先导
300819,聚杰微纤
600537,亿晶光电
002542,中化岩土
600326,西藏天路
000608,阳光股份
002612,朗姿股份
600505,西昌电力
300041,回天新材
688609,九联科技
000957,中通客车
300199,翰宇药业
688579,山大地纬
873122,中纺标
002207,准油股份
601117,中国化学
002087,*ST新纺
002601,龙佰集团
603860,中公高科
688141,杰华特
600055,万东医疗
833394,民士达
601997,贵阳银行
603722,阿科力
300125,聆达股份
002656,ST摩登
600963,岳阳林纸
001234,泰慕士
301027,华蓝集团
002192,融捷股份
002323,雅博股份
601698,中国卫通
300673,佩蒂股份
688381,帝奥微
603019,中科曙光
601636,旗滨集团
600926,杭州银行
603618,杭电股份
688278,特宝生物
430489,佳先股份
605376,博迁新材
600995,南网储能
300586,美联新材
300562,乐心医疗
002793,罗欣药业
600346,恒力石化
688191,智洋创新
836221,易实精密
300359,全通教育
002210,飞马国际
688372,伟测科技
688539,高华科技
300869,康泰医学
002721,*ST金一
603016,新宏泰
605577,龙版传媒
300482,万孚生物
688105,诺唯赞
688468,科美诊断
688310,迈得医疗
600365,ST通葡
600415,小商品城
002112,三变科技
001209,洪兴股份
300304,云意电气
688793,倍轻松
603993,洛阳钼业
603387,基蛋生物
600358,国旅联合
605069,正和生态
301329,信音电子
603090,宏盛股份
600775,南京熊猫
601916,浙商银行
002269,美邦服饰
300191,潜能恒信
600985,淮北矿业
603688,石英股份
002713,东易日盛
300101,振芯科技
600418,江淮汽车
601899,紫金矿业
300545,联得装备
000966,长源电力
300500,启迪设计
000552,甘肃能化
301301,川宁生物
300943,春晖智控
002852,道道全
001299,美能能源
603081,大丰实业
600971,恒源煤电
603151,邦基科技
603313,梦百合
000422,湖北宜化
688107,安路科技
688196,卓越新能
300918,南山智尚
000536,华映科技
600054,黄山旅游
603225,新凤鸣
600764,中国海防
301132,满坤科技
603172,万丰股份
603113,金能科技
300286,安科瑞
688508,芯朋微
300363,博腾股份
601811,新华文轩
688349,三一重能
002157,*ST 正邦
002937,兴瑞科技
600617,国新能源
000597,东北制药
688143,长盈通
601169,北京银行
000820,神雾节能
301151,冠龙节能
603719,良品铺子
600350,山东高速
601985,中国核电
603603,*ST博天
301098,金埔园林
603258,电魂网络
300949,奥雅股份
002883,中设股份
301305,朗坤环境
600397,安源煤业
300171,东富龙
603886,元祖股份
603612,索通发展
300781,因赛集团
300916,朗特智能
601877,正泰电器
600977,中国电影
688193,仁度生物
601375,中原证券
300127,银河磁体
601077,渝农商行
000669,ST金鸿
603255,鼎际得
603077,和邦生物
600777,新潮能源
300094,国联水产
600256,广汇能源
688385,复旦微电
600612,老凤祥
002922,伊戈尔
601138,工业富联
002020,京新药业
300371,汇中股份
600338,西藏珠峰
605298,必得科技
605300,佳禾食品
000738,航发控制
000911,南宁糖业
605077,华康股份
600998,九州通
300827,上能电气
002468,申通快递
600248,陕建股份
688109,品茗科技
300239,东宝生物
002707,众信旅游
300977,深圳瑞捷
000768,中航西飞
301120,新特电气
000525,ST红太阳
600489,中金黄金
600508,上海能源
603587,地素时尚
603259,药明康德
600737,中粮糖业
300979,华利集团
688523,航天环宇
600000,浦发银行
300675,建科院
603826,坤彩科技
603693,江苏新能
688157,松井股份
600661,昂立教育
603290,斯达半导
002737,葵花药业
688236,春立医疗
688137,近岸蛋白
300244,迪安诊断
003816,中国广核
002407,多氟多
600353,旭光电子
300947,德必集团
300176,派生科技
688166,博瑞医药
000803,山高环能
688356,键凯科技
688617,惠泰医疗
603466,风语筑
600389,江山股份
001227,兰州银行
688189,南新制药
300901,中胤时尚
300933,中辰股份
601166,兴业银行
600118,中国卫星
603798,康普顿
300707,威唐工业
002659,凯文教育
300181,佐力药业
000581,威孚高科
688085,三友医疗
301013,利和兴
300287,飞利信
688298,东方生物
600039,四川路桥
603318,水发燃气
600285,羚锐制药
301276,嘉曼服饰
002824,和胜股份
603383,顶点软件
002119,康强电子
601022,宁波远洋
300262,巴安水务
688103,国力股份
002142,宁波银行
300143,盈康生命
603976,正川股份
002956,西麦食品
000573,粤宏远Ａ
000537,广宇发展
688533,上声电子
301001,凯淳股份
000899,赣能股份
600428,中远海特
300206,理邦仪器
002675,东诚药业
002490,山东墨龙
002293,罗莱生活
000756,新华制药
688543,国科军工
300732,设研院
300898,熊猫乳品
300138,晨光生物
600123,兰花科创
301122,采纳股份
300444,双杰电气
301058,中粮科工
002320,海峡股份
688008,澜起科技
600982,宁波能源
000428,华天酒店
300374,中铁装配
000753,漳州发展
001210,金房能源
601566,九牧王
002150,通润装备
688247,宣泰医药
300167,ST迪威迅
688057,金达莱
301051,信濠光电
603858,步长制药
603519,立霸股份
600983,惠而浦
600551,时代出版
600475,华光环能
603230,内蒙新华
301261,恒工精密
000430,张家界
601999,出版传媒
002422,科伦药业
603076,乐惠国际
603611,诺力股份
600583,海油工程
000683,远兴能源
300683,海特生物
600757,长江传媒
000609,中迪投资
601333,广深铁路
003016,欣贺股份
601098,中南传媒
300983,尤安设计
688226,威腾电气
603556,海兴电力
300237,美晨生态
605116,奥锐特
688281,华秦科技
000816,智慧农业
002901,大博医疗
002095,生 意 宝
688711,宏微科技
301357,北方长龙
002099,海翔药业
002820,桂发祥
301080,百普赛斯
603477,巨星农牧
688117,圣诺生物
300049,福瑞股份
002193,如意集团
002529,海源复材
688390,固德威
003035,南网能源
601880,辽港股份
300256,ST星星
603267,鸿远电子
300491,通合科技
300113,顺网科技
688297,中无人机
002817,黄山胶囊
600860,京城股份
603713,密尔克卫
002443,金洲管道
600682,南京新百
603529,爱玛科技
002773,康弘药业
002317,众生药业
600593,大连圣亚
605028,世茂能源
002329,皇氏集团
002116,中国海诚
301182,凯旺科技
600666,ST瑞德
600993,马应龙
688606,奥泰生物
300142,沃森生物
688576,西山科技
688032,禾迈股份
600196,复星医药
600893,航发动力
301468,博盈特焊
688006,杭可科技
601598,中国外运
600425,青松建化
000566,海南海药
301103,何氏眼科
688484,南芯科技
688399,硕世生物
603908,牧高笛
603260,合盛硅业
002250,联化科技
300972,万辰生物
300696,爱乐达
300955,嘉亨家化
000723,美锦能源
601088,中国神华
300158,振东制药
600085,同仁堂
600257,大湖股份
002021,*ST中捷
603073,彩蝶实业
600744,华银电力
300847,中船汉光
002644,佛慈制药
300092,科新机电
688202,美迪西
600027,华电国际
603165,荣晟环保
002038,双鹭药业
600127,金健米业
002023,海特高新
603605,珀莱雅
600536,中国软件
001338,永顺泰
002739,万达电影
002907,华森制药
300471,厚普股份
300653,正海生物
000629,钒钛股份
300027,华谊兄弟
300133,华策影视
300705,九典制药
833230,欧康医药
600339,中油工程
600157,永泰能源
300685,艾德生物
002459,晶澳科技
301185,鸥玛软件
301361,众智科技
300009,安科生物
300596,利安隆
601606,长城军工
601958,金钼股份
002412,汉森制药
002714,牧原股份
600012,皖通高速
688316,青云科技-U
688787,海天瑞声
600332,白云山
300495,*ST美尚
000404,长虹华意
600406,国电南瑞
603970,中农立华
688601,力芯微
603380,易德龙
003032,传智教育
300294,博雅生物
300233,金城医药
830809,安达科技
600348,华阳股份
600373,中文传媒
000721,西安饮食
300411,金盾股份
601890,亚星锚链
601816,京沪高铁
003037,三和管桩
301235,华康医疗
600823,ST世茂
002621,美吉姆
002345,潮宏基
600903,贵州燃气
688373,盟科药业-U
600808,马钢股份
688687,凯因科技
002531,天顺风能
300826,测绘股份
601233,桐昆股份
605299,舒华体育
301262,海看股份
300820,英杰电气
301486,致尚科技
603985,恒润股份
000767,晋控电力
300957,贝泰妮
603229,奥翔药业
002906,华阳集团
002019,亿帆医药
300425,中建环能
688076,诺泰生物
002930,宏川智慧
300010,*ST豆神
688613,奥精医疗
002724,海洋王
002493,荣盛石化
688626,翔宇医疗
300420,五洋停车
300415,伊之密
600685,中船防务
300731,科创新源
300682,朗新科技
601089,福元医药
002533,金杯电工
301110,青木股份
000983,山西焦煤
300025,华星创业
300358,楚天科技
600121,郑州煤电
300875,捷强装备
600150,中国船舶
603303,得邦照明
300746,汉嘉设计
300763,锦浪科技
603393,新天然气
600261,阳光照明
002272,川润股份
600103,青山纸业
002352,顺丰控股
688235,百济神州-U
600268,国电南自
300585,奥联电子
836395,朗鸿科技
300945,曼卡龙
300595,欧普康视
300317,珈伟新能
301365,矩阵股份
601168,西部矿业
603379,三美股份
688622,禾信仪器
000892,欢瑞世纪
301203,国泰环保
603083,剑桥科技
600158,中体产业
000861,海印股份
688607,康众医疗
002740,*ST爱迪
000571,新大洲A
300815,玉禾田
300835,龙磁科技
688248,南网科技
601607,上海医药
603658,安图生物
603191,望变电气
301117,佳缘科技
300282,*ST三盛
600377,宁沪高速
000993,闽东电力
300149,睿智医药
002401,中远海科
301089,拓新药业
601028,玉龙股份
300517,海波重科
000796,*ST凯撒
002501,利源股份
002299,圣农发展
688018,乐鑫科技
301205,联特科技
300005,探路者
688639,华恒生物
300198,纳川股份
688179,阿拉丁
601699,潞安环能
603716,塞力医疗
000981,山子股份
688319,欧林生物
002478,常宝股份
003005,竞业达
688238,和元生物
000982,中银绒业
300084,海默科技
601398,工商银行
300583,赛托生物
300629,新劲刚
603398,沐邦高科
688065,凯赛生物
301358,湖南裕能
603199,九华旅游
301012,扬电科技
301167,建研设计
605186,健麾信息
000032,深桑达Ａ
603439,贵州三力
300426,唐德影视
300740,水羊股份
002262,恩华药业
688358,祥生医疗
603368,柳药集团
300841,康华生物
301230,泓博医药
600557,康缘药业
300008,天海防务
600023,浙能电力
301136,招标股份
000798,中水渔业
603130,云中马
601015,陕西黑猫
600426,华鲁恒升
000893,亚钾国际
688396,华润微
688314,康拓医疗
832885,星辰科技
601328,交通银行
002758,浙农股份
600749,西藏旅游
000716,黑芝麻
000670,盈方微
688063,派能科技
000999,华润三九
600225,卓朗科技
002377,国创高新
838837,华原股份
000565,渝三峡Ａ
600004,白云机场
301157,华塑科技
000888,峨眉山Ａ
002141,贤丰控股
688526,科前生物
300896,爱美客
301363,美好医疗
603101,汇嘉时代
300157,恒泰艾普
603330,天洋新材
002451,摩恩电气
000719,中原传媒
300375,鹏翎股份
600276,恒瑞医药
688676,金盘科技
688131,皓元医药
300589,江龙船艇
301083,百胜智能
605117,德业股份
002380,科远智慧
000516,国际医学
300357,我武生物
301062,上海艾录
688077,大地熊
688170,德龙激光
300779,惠城环保
688108,赛诺医疗
600636,国新文化
601121,宝地矿业
603345,安井食品
300003,乐普医疗
603348,文灿股份
300702,天宇股份
002603,以岭药业
600188,兖矿能源
300437,清水源
688273,麦澜德
688315,诺禾致源
601898,中煤能源
002728,特一药业
600329,达仁堂
001309,德明利
300193,佳士科技
600535,天士力
605011,杭州热电
300636,同和药业
002799,环球印务
830839,万通液压
000513,丽珠集团
836826,盖世食品
000610,西安旅游
688426,康为世纪
688578,艾力斯
301141,中科磁业
300882,万胜智能
002632,道明光学
601872,招商轮船
688035,德邦科技
300246,宝莱特
001872,招商港口
600036,招商银行
688161,威高骨科
301093,华兰股份
002172,澳洋健康
002159,三特索道
600980,北矿科技
603456,九洲药业
300915,海融科技
300461,田中精机
300015,爱尔眼科
601988,中国银行
603538,美诺华
603998,方盛制药
688212,澳华内镜
300528,幸福蓝海
300114,中航电测
603963,大理药业
603137,恒尚节能
688718,唯赛勃
871396,常辅股份
301308,江波龙
301336,趣睡科技
000615,*ST美谷
300564,筑博设计
002630,华西能源
002564,*ST天沃
000600,建投能源
600416,湘电股份
300451,创业慧康
002438,江苏神通
300203,聚光科技
002861,瀛通通讯
600391,航发科技
300633,开立医疗
002905,金逸影视
002719,麦趣尔
601939,建设银行
688428,诺诚健华-U
300859,*ST西域
001332,锡装股份
301099,雅创电子
000413,东旭光电
688197,首药控股-U
603707,健友股份
688046,药康生物
601928,凤凰传媒
000060,中金岭南
600255,鑫科材料
002077,大港股份
603187,海容冷链
301171,易点天下
300505,川金诺
688047,龙芯中科
001226,拓山重工
688253,英诺特
688517,金冠电气
600726,华电能源
300873,海晨股份
873152,天宏锂电
603871,嘉友国际
600408,安泰集团
300335,迪森股份
300314,戴维医疗
600141,兴发集团
002878,元隆雅图
301393,昊帆生物
301227,森鹰窗业
688581,安杰思
688062,迈威生物-U
300498,温氏股份
301152,天力锂能
301488,豪恩汽电
600022,山东钢铁
601021,春秋航空
000961,中南建设
300511,雪榕生物
300756,金马游乐
301307,美利信
688621,阳光诺和
688382,益方生物-U
600422,昆药集团
300723,一品红
002616,长青集团
600312,平高电气
603392,万泰生物
688565,力源科技
600719,大连热电
300192,科德教育
002889,东方嘉盛
688133,泰坦科技
600581,八一钢铁
300129,泰胜风能
831152,昆工科技
301024,霍普股份
605580,恒盛能源
600026,中远海能
688180,君实生物-U
301379,天山电子
601288,农业银行
601998,中信银行
300581,晨曦航空
300662,科锐国际
000010,美丽生态
600420,国药现代
600079,人福医药
603863,松炀资源
301370,国科恒泰
688690,纳微科技
688185,康希诺
300226,上海钢联
600369,西南证券
002215,诺 普 信
603291,联合水务
603882,金域医学
003020,立方制药
002738,中矿资源
605369,拱东医疗
002336,人人乐
603136,天目湖
301333,诺思格
600283,钱江水利
000917,电广传媒
600363,联创光电
600280,中央商场
688501,青达环保
300091,金通灵
300458,全志科技
688301,奕瑞科技
000715,中兴商业
688651,盛邦安全
301267,华厦眼科
301323,新莱福
600576,祥源文旅
002671,龙泉股份
301287,康力源
002186,全 聚 德
688612,威迈斯
002044,美年健康
002311,海大集团
688302,海创药业-U
600231,凌钢股份
003042,中农联合
600706,曲江文旅
600028,中国石化
600529,山东药玻
688177,百奥泰
601127,赛力斯
000526,学大教育
002428,云南锗业
002211,宏达新材
688336,三生国健
301048,金鹰重工
600072,中船科技
000021,深科技
872808,曙光数创
002972,科安达
688192,迪哲医药-U
000802,北京文化
002513,蓝丰生化
003012,东鹏控股
688410,山外山
688176,亚虹医药-U
002731,萃华珠宝
603569,长久物流
002294,信立泰
688580,伟思医疗
301505,苏州规划
688276,百克生物
688327,云从科技-UW
831305,海希通讯
300995,奇德新材
300573,兴齐眼药
002943,宇晶股份
300396,迪瑞医疗
301446,福事特
000980,众泰汽车
300778,新城市
600307,酒钢宏兴
300765,新诺威
300600,国瑞科技
688433,华曙高科
002879,长缆科技
601086,国芳集团
601658,邮储银行
600587,新华医疗
300413,芒果超媒
002146,荣盛发展
002054,德美化工
300865,大宏立
688616,西力科技
605598,上海港湾
688566,吉贝尔
301257,普蕊斯
688389,普门科技
300155,安居宝
002400,省广集团
301398,星源卓镁
688123,聚辰股份
600530,*ST交昂
603196,日播时尚
688646,C逸飞
600569,安阳钢铁
601007,金陵饭店
301008,宏昌科技
300522,世名科技
301239,普瑞眼科
300722,新余国科
605001,威奥股份
000037,深南电A
603029,天鹅股份
301288,清研环境
600992,贵绳股份
688266,泽璟制药-U
301519,C舜禹
603309,维力医疗
600936,广西广电
603169,兰石重装
301056,森赫股份
002149,西部材料
300558,贝达药业
301311,昆船智能
300668,杰恩设计
301113,雅艺科技
601857,中国石油
301137,哈焊华通
603087,甘李药业
301046,能辉科技
301515,港通医疗
873576,天力复合
002581,未名医药
002893,京能热力
002900,哈三联
688331,荣昌生物
688050,爱博医疗
603520,司太立
002366,融发核电
301172,君逸数码
688443,智翔金泰-U
301022,海泰科
603778,乾景园林
301038,深水规院
603590,康辰药业
605488,福莱新材
603682,锦和商管
601005,重庆钢铁
300456,赛微电子
300881,盛德鑫泰
688525,佰维存储
301371,C敷尔佳
