date,open,close,high,low,volume,code,increase_rate
2023-08-01,1.119,1.12,1.129,1.102,9141495.611,159503,0.9883928571428571
2023-08-01,1.072,1.073,1.103,1.07,66421727.669,159506,1.0
2023-08-01,1.0,0.998,1.001,0.998,31178656.262,159513,1.0
2023-08-01,0.816,0.816,0.82,0.81,61564395.748,159601,0.9926470588235295
2023-08-01,0.814,0.815,0.817,0.807,15200696.03,159602,0.9914110429447854
2023-08-01,0.872,0.873,0.875,0.865,1553181.8,159603,0.9919816723940436
2023-08-01,0.875,0.869,0.886,0.862,1367586360.015,159605,0.9942462600690449
2023-08-01,0.817,0.818,0.818,0.812,5755097.06,159606,0.9938875305623471
2023-08-01,0.874,0.871,0.887,0.863,548146730.926,159607,0.9931113662456946
2023-08-01,0.68,0.679,0.681,0.675,9691602.5,159608,1.0029455081001473
2023-08-01,0.686,0.686,0.686,0.671,17472006.5,159609,0.9795918367346939
2023-08-01,0.838,0.838,0.842,0.838,8715242.638,159610,1.0
2023-08-01,0.926,0.925,0.936,0.924,153186700.457,159611,1.010810810810811
2023-08-01,1.225,1.222,1.232,1.225,33671261.5,159612,1.007364975450082
2023-08-01,0.9,0.899,0.911,0.892,7677965.895,159613,1.0055617352614015
2023-08-01,0.897,0.889,0.914,0.889,66241146.3,159615,1.001124859392576
2023-08-01,0.812,0.815,0.814,0.806,4068204.7,159616,0.9914110429447854
2023-08-01,1.117,1.118,1.199,1.116,1605761.098,159617,1.0008944543828264
2023-08-01,0.945,0.944,0.945,0.925,6254445.3,159618,0.9809322033898306
2023-08-01,1.061,1.061,1.069,1.052,34241606.76,159619,0.995287464655985
2023-08-01,0.93,0.93,0.934,0.928,2279626.05,159620,0.9989247311827957
2023-08-01,0.991,0.994,0.996,0.988,3414350.8,159621,0.993963782696177
2023-08-01,0.939,0.939,0.96,0.891,11894142.601,159622,1.0
2023-08-01,0.899,0.905,0.905,0.896,5045301.7,159623,0.9900552486187845
2023-08-01,1.095,1.09,1.101,1.089,38867520.697,159625,1.008256880733945
2023-08-01,1.063,1.068,1.069,1.058,4258141.2,159627,0.9906367041198502
2023-08-01,1.017,1.017,1.021,1.014,56459871.4,159628,1.000983284169125
2023-08-01,2.605,2.615,2.622,2.605,526501443.757,159629,0.9988527724665391
2023-08-01,1.107,1.106,1.109,1.1,5407877.4,159630,0.9945750452079566
2023-08-01,0.968,0.97,0.974,0.963,19928295.9,159631,0.9948453608247423
2023-08-01,1.31,1.308,1.313,1.31,107608707.9,159632,1.0022935779816513
2023-08-01,2.613,2.606,2.615,2.598,512572493.744,159633,0.9996162701458173
2023-08-01,1.133,1.133,1.143,1.127,13634524.682,159635,0.9964695498676082
2023-08-01,0.922,0.919,0.936,0.909,40606016.2,159636,0.9923830250272034
2023-08-01,0.75,0.751,0.753,0.745,41771563.2,159637,0.9920106524633822
2023-08-01,0.848,0.847,0.853,0.847,54983990.526,159638,1.0059031877213696
2023-08-01,0.816,0.816,0.821,0.811,17084605.415,159639,0.9963235294117647
2023-08-01,0.819,0.819,0.822,0.813,12412592.574,159640,0.9938949938949939
2023-08-01,0.831,0.831,0.837,0.825,12262804.478,159641,0.9939831528279182
2023-08-01,0.828,0.827,0.83,0.82,11388436.9,159642,0.9939540507859734
2023-08-01,0.802,0.809,0.819,0.802,16129185.213,159643,0.9962917181705809
2023-08-01,0.925,0.94,0.925,0.915,2328861.0,159645,0.974468085106383
2023-08-01,0.806,0.811,0.82,0.805,3299632.0,159646,0.9963008631319359
2023-08-01,1.111,1.114,1.112,1.098,82797058.128,159647,0.9874326750448833
2023-08-01,102.177,102.143,102.192,102.151,2186961863.7,159649,1.0004013980400026
2023-08-01,101.79,101.797,101.84,101.79,2611920047.08,159650,1.000383115415975
2023-08-01,101.713,101.674,101.721,101.713,157619163.2,159651,1.0003934142455297
2023-08-01,0.921,0.921,0.931,0.916,6865081.8,159652,1.003257328990228
2023-08-01,0.987,0.996,0.996,0.987,409531.0,159653,1.0
2023-08-01,1.193,1.184,1.194,1.188,2087432.982,159655,1.0067567567567568
2023-08-01,0.934,0.935,0.939,0.927,2452758.3,159656,0.9946524064171123
2023-08-01,0.852,0.853,0.864,0.848,2774741.366,159657,0.9964830011723329
2023-08-01,1.14,1.139,1.143,1.133,14469218.9,159658,0.9964881474978051
2023-08-01,1.241,1.241,1.246,1.241,4626596.0,159659,1.0040290088638195
2023-08-01,1.236,1.235,1.243,1.236,12497953.646,159660,1.003238866396761
2023-08-01,1.015,1.015,1.023,1.014,35706092.5,159662,1.0
2023-08-01,0.992,0.998,0.996,0.986,16930870.1,159663,0.9929859719438878
2023-08-01,1.044,1.044,1.048,1.039,12838767.7,159665,0.9971264367816091
2023-08-01,0.989,0.986,0.993,0.984,4645715.717,159666,0.9979716024340771
2023-08-01,0.987,0.984,0.987,0.974,36822437.4,159667,0.9949186991869918
2023-08-01,1.009,1.007,1.015,1.006,12713348.67,159669,1.0079443892750746
2023-08-01,1.03,1.036,1.037,1.021,1807992.664,159670,0.9855212355212354
2023-08-01,0.849,0.85,0.852,0.842,27435442.196,159671,1.0
2023-08-01,0.954,0.952,0.957,0.941,2197038.9,159672,0.9894957983193278
2023-08-01,1.04,1.045,1.044,1.033,3950082.76,159673,0.9885167464114832
2023-08-01,0.889,0.889,0.892,0.882,7485315.386,159675,0.9932508436445444
2023-08-01,0.936,0.936,0.939,0.929,4038967.146,159676,0.9935897435897436
2023-08-01,1.046,1.047,1.047,1.042,81384345.8,159677,0.9971346704871061
2023-08-01,0.96,0.965,0.964,0.96,6150818.502,159678,0.9968911917098445
2023-08-01,0.961,0.961,0.964,0.96,13151916.428,159679,1.0020811654526536
2023-08-01,1.046,1.043,1.046,1.037,25781540.1,159680,0.9942473633748802
2023-08-01,0.927,0.929,0.933,0.92,43034293.1,159681,0.9903121636167922
2023-08-01,0.919,0.92,0.925,0.91,136656258.734,159682,0.9902173913043478
2023-08-01,0.992,0.992,0.999,0.99,6870296.2,159683,0.9979838709677419
2023-08-01,0.975,0.977,0.975,0.971,24787560.2,159685,0.9969293756397134
2023-08-01,1.036,1.036,1.037,1.027,5214331.917,159686,0.9922779922779923
2023-08-01,1.111,1.108,1.115,1.109,1472536.67,159687,1.0045126353790612
2023-08-01,0.987,0.975,0.998,0.969,149034255.852,159688,0.997948717948718
2023-08-01,0.953,0.953,0.957,0.941,1979312.9,159689,0.9874081846799581
2023-08-01,1.056,1.046,1.058,1.045,234109.402,159690,1.005736137667304
2023-08-01,1.024,1.025,1.028,1.011,17982541.306,159691,0.9892682926829269
2023-08-01,1.065,1.079,1.086,1.056,56288268.47,159692,0.9870250231696015
2023-08-01,1.039,1.039,1.053,1.03,1869975.9,159695,1.0105871029836382
2023-08-01,1.005,1.004,1.012,1.004,10724530.609,159697,1.0059760956175299
2023-08-01,0.776,0.778,0.783,0.775,3475489.4,159701,1.0012853470437018
2023-08-01,0.801,0.803,0.806,0.797,3748074.5,159703,0.9937733499377335
2023-08-01,0.748,0.751,0.753,0.744,4863620.8,159706,0.9906790945406125
2023-08-01,0.886,0.897,0.905,0.881,60877372.3,159707,0.9888517279821628
2023-08-01,0.806,0.811,0.813,0.799,17661616.3,159708,0.9864364981504316
2023-08-01,0.848,0.851,0.852,0.844,196562.77,159709,0.9976498237367802
2023-08-01,0.681,0.682,0.682,0.678,1320393.8,159710,0.9941348973607038
2023-08-01,1.022,1.018,1.03,1.013,792359.7,159711,0.9980353634577603
2023-08-01,0.964,0.964,0.971,0.955,851313.4,159712,0.9937759336099585
2023-08-01,0.777,0.772,0.777,0.767,25437420.5,159713,0.9987046632124352
2023-08-01,0.688,0.688,0.689,0.684,6529741.2,159715,1.0
2023-08-01,0.759,0.761,0.763,0.758,824347.6,159716,0.9960578186596584
2023-08-01,0.897,0.898,0.897,0.897,448.5,159717,0.9988864142538976
2023-08-01,0.79,0.789,0.81,0.788,10790343.1,159718,1.0012674271229405
2023-08-01,1.371,1.372,1.385,1.37,8759003.2,159719,1.0051020408163265
2023-08-01,0.71,0.709,0.71,0.705,5454652.0,159720,0.9943582510578279
2023-08-01,0.747,0.751,0.75,0.745,1035158.4,159721,0.9920106524633822
2023-08-01,0.742,0.742,0.746,0.738,3146873.5,159723,0.9973045822102425
2023-08-01,0.859,0.86,0.862,0.848,1551867.2,159725,0.9953488372093023
2023-08-01,0.894,0.88,0.905,0.886,13696049.2,159726,1.0113636363636365
2023-08-01,0.89,0.876,0.892,0.862,2468075.2,159728,0.9954337899543378
2023-08-01,0.738,0.73,0.738,0.724,1829873.5,159729,1.0013698630136987
2023-08-01,0.92,0.92,0.922,0.908,8043453.0,159730,0.9869565217391304
2023-08-01,0.754,0.754,0.76,0.752,1599851.6,159731,0.9973474801061007
2023-08-01,0.702,0.702,0.708,0.697,7157841.5,159732,1.002849002849003
2023-08-01,0.76,0.76,0.781,0.758,6920729.9,159733,1.006578947368421
2023-08-01,0.695,0.695,0.703,0.687,20890020.1,159735,0.9928057553956835
2023-08-01,0.907,0.907,0.914,0.896,28426899.1,159736,0.9889746416758545
2023-08-01,1.022,1.022,1.038,1.018,447178.2,159738,1.006849315068493
2023-08-01,1.05,1.057,1.074,1.043,10198157.4,159739,1.0066225165562914
2023-08-01,0.618,0.616,0.629,0.611,400433335.947,159740,0.9967532467532467
2023-08-01,0.622,0.618,0.63,0.612,75422990.5,159741,0.9951456310679612
2023-08-01,0.634,0.632,0.643,0.624,186386357.548,159742,0.9920886075949367
2023-08-01,0.891,0.895,0.894,0.891,239656.9,159743,0.9977653631284916
2023-08-01,0.779,0.782,0.786,0.772,101854638.7,159745,0.989769820971867
2023-08-01,1.187,1.186,1.21,1.178,83593442.001,159747,0.9957841483979765
2023-08-01,0.654,0.655,0.666,0.651,11006703.5,159748,0.9954198473282443
2023-08-01,0.881,0.88,0.895,0.871,35984981.88,159750,0.9931818181818182
2023-08-01,0.806,0.804,0.818,0.795,4623855.414,159751,0.9937810945273632
2023-08-01,0.661,0.662,0.662,0.652,6554733.9,159752,0.9879154078549849
2023-08-01,0.821,0.821,0.822,0.811,152878646.002,159755,0.9902557856272838
2023-08-01,0.67,0.667,0.67,0.66,25368452.0,159757,0.992503748125937
2023-08-01,0.928,0.93,0.935,0.919,6480675.1,159758,0.989247311827957
2023-08-01,0.692,0.691,0.698,0.687,10113747.2,159760,0.9956584659913169
2023-08-01,0.653,0.653,0.654,0.647,15971080.602,159761,0.9908116385911179
2023-08-01,0.639,0.639,0.64,0.632,1228609.12,159763,0.9937402190923318
2023-08-01,0.959,0.961,0.966,0.946,245627089.85,159766,0.9854318418314256
2023-08-01,0.664,0.664,0.666,0.657,1474422.7,159767,0.9909638554216867
2023-08-01,0.815,0.825,0.831,0.809,58279307.2,159768,0.9903030303030302
2023-08-01,0.785,0.779,0.785,0.775,339400.5,159769,1.0025673940949935
2023-08-01,0.85,0.851,0.85,0.838,5092246.0,159770,0.9882491186839013
2023-08-01,0.75,0.742,0.75,0.737,1694200.8,159773,0.9932614555256065
2023-08-01,0.691,0.691,0.694,0.684,1385072.4,159775,0.991316931982634
2023-08-01,1.085,1.088,1.117,1.085,93063977.8,159776,0.9990808823529411
2023-08-01,0.714,0.71,0.718,0.714,74036.8,159777,1.0070422535211268
2023-08-01,0.865,0.864,0.865,0.857,23715.4,159778,0.9965277777777778
2023-08-01,0.676,0.677,0.683,0.672,1989734.4,159779,1.0059084194977843
2023-08-01,0.57,0.569,0.571,0.563,29874823.202,159780,0.9912126537785588
2023-08-01,0.562,0.564,0.566,0.559,40793770.956,159781,0.9911347517730499
2023-08-01,0.566,0.566,0.568,0.562,8471407.327,159782,0.9929328621908129
2023-08-01,0.569,0.571,0.573,0.566,57649930.501,159783,0.9912434325744308
2023-08-01,0.76,0.764,0.768,0.756,8360702.2,159786,1.0013089005235603
2023-08-01,0.865,0.863,0.867,0.854,3326961.0,159787,0.9895712630359212
2023-08-01,0.992,0.992,0.999,0.98,2907267.2,159788,0.9899193548387096
2023-08-01,0.866,0.866,0.872,0.853,1567321.7,159789,0.9861431870669746
2023-08-01,0.705,0.704,0.706,0.697,46588895.006,159790,0.9914772727272727
2023-08-01,0.933,0.933,0.933,0.929,293854.8,159791,0.9957127545551983
2023-08-01,0.709,0.703,0.719,0.695,932439252.07,159792,0.9928876244665719
2023-08-01,0.894,0.894,0.899,0.888,473225.594,159793,0.9932885906040269
2023-08-01,0.897,0.881,0.898,0.873,2463713.4,159795,0.9943246311010215
2023-08-01,0.755,0.754,0.756,0.744,26299977.0,159796,0.9880636604774535
2023-08-01,0.911,0.912,0.915,0.9,1190277.0,159797,0.9868421052631579
2023-08-01,1.008,1.014,1.019,1.002,10320025.3,159798,0.9891518737672582
2023-08-01,1.038,1.04,1.044,1.035,39367583.328,159801,0.9980769230769231
2023-08-01,1.188,1.2,1.21,1.188,180077.4,159804,1.0016666666666667
2023-08-01,1.138,1.139,1.144,1.121,27527717.6,159805,0.9964881474978051
2023-08-01,0.665,0.665,0.665,0.657,43154649.2,159806,0.9909774436090225
2023-08-01,0.571,0.569,0.572,0.563,10547612.116,159807,0.9912126537785588
2023-08-01,0.832,0.84,0.843,0.832,1676478.323,159808,0.9928571428571429
2023-08-01,0.883,0.883,0.888,0.878,719129.4,159810,0.9954699886749717
2023-08-01,1.068,1.071,1.087,1.059,10362804.4,159811,1.0102707749766575
2023-08-01,4.407,4.42,4.442,4.407,267736.1,159812,1.0036199095022624
2023-08-01,0.671,0.671,0.674,0.668,126947924.71,159813,0.9985096870342772
2023-08-01,0.418,0.418,0.421,0.414,20247497.0,159814,0.992822966507177
2023-08-01,106.7,106.728,106.85,106.652,39328084.9,159816,1.0008620043475003
2023-08-01,0.867,0.871,0.88,0.861,181617848.994,159819,1.002296211251435
2023-08-01,0.995,0.995,0.998,0.99,6249293.8,159820,0.9989949748743718
2023-08-01,0.822,0.823,0.827,0.818,234635.2,159821,0.9987849331713244
2023-08-01,0.692,0.688,0.697,0.685,3528446.2,159822,0.9970930232558141
2023-08-01,0.755,0.755,0.761,0.744,493056.9,159823,0.9880794701986755
2023-08-01,1.0,0.999,1.001,0.99,17285088.9,159824,0.991991991991992
2023-08-01,0.804,0.806,0.805,0.795,95704642.066,159825,0.9875930521091811
2023-08-01,0.85,0.849,0.85,0.836,2732695.8,159827,0.9846878680800942
2023-08-01,0.537,0.537,0.544,0.534,61931324.3,159828,0.994413407821229
2023-08-01,4.348,4.332,4.35,4.348,666715.0,159830,1.0041551246537395
2023-08-01,4.485,4.478,4.501,4.485,273401.4,159831,1.0026797677534616
2023-08-01,4.624,4.607,4.631,4.624,13165.688,159834,1.0041241588886478
2023-08-01,0.656,0.656,0.665,0.65,2000427.4,159835,0.9984756097560976
2023-08-01,0.82,0.82,0.822,0.819,100926.9,159836,1.0
2023-08-01,0.536,0.536,0.544,0.532,36716466.6,159837,1.0
2023-08-01,0.662,0.661,0.664,0.653,10139885.354,159838,0.989409984871407
2023-08-01,0.464,0.465,0.473,0.462,33464272.364,159839,1.0
2023-08-01,0.651,0.652,0.655,0.646,64683021.754,159840,0.9923312883435583
2023-08-01,0.911,0.925,0.939,0.911,288587584.298,159841,0.9945945945945945
2023-08-01,0.955,0.966,0.983,0.95,90377927.021,159842,0.9979296066252588
2023-08-01,0.82,0.821,0.829,0.812,26177962.796,159843,0.9890377588306944
2023-08-01,2.622,2.621,2.63,2.613,1043644938.839,159845,1.0
2023-08-01,0.491,0.491,0.498,0.489,9452009.6,159847,0.9979633401221996
2023-08-01,0.81,0.821,0.83,0.806,11298444.984,159848,0.9926918392204629
2023-08-01,0.568,0.57,0.577,0.565,5119439.5,159849,0.9947368421052631
2023-08-01,0.683,0.683,0.693,0.677,28386359.489,159850,0.9941434846266471
2023-08-01,1.165,1.162,1.165,1.146,16734569.9,159851,0.9913941480206541
2023-08-01,0.946,0.948,0.95,0.932,80167929.72,159852,0.989451476793249
2023-08-01,0.882,0.886,0.89,0.882,7222521.0,159853,0.9966139954853274
2023-08-01,0.955,0.954,0.958,0.942,5542571.3,159855,0.9905660377358491
2023-08-01,0.615,0.62,0.624,0.613,8707460.3,159856,0.9919354838709677
2023-08-01,0.991,0.992,0.991,0.97,158308710.37,159857,0.9798387096774194
2023-08-01,0.656,0.656,0.663,0.65,10083184.4,159858,0.9939024390243902
2023-08-01,0.491,0.492,0.502,0.49,94194438.558,159859,1.0020325203252032
2023-08-01,1.086,1.086,1.086,1.07,29030669.5,159861,0.9861878453038673
2023-08-01,0.862,0.87,0.875,0.853,2607509.7,159862,0.9862068965517241
2023-08-01,0.782,0.781,0.787,0.765,13758014.2,159863,0.9820742637644045
2023-08-01,0.739,0.741,0.741,0.725,32576161.2,159864,0.9784075573549258
2023-08-01,0.734,0.733,0.735,0.724,119351559.7,159865,0.9877216916780355
2023-08-01,0.955,0.954,0.96,0.954,23944605.9,159866,1.0041928721174005
2023-08-01,0.736,0.735,0.736,0.728,35011922.4,159867,0.9918367346938776
2023-08-01,1.203,1.215,1.226,1.19,571835483.776,159869,0.9975308641975308
2023-08-01,0.712,0.713,0.717,0.707,167033723.709,159870,0.9943899018232819
2023-08-01,1.115,1.107,1.117,1.101,7895212.2,159871,1.003613369467028
2023-08-01,0.955,0.927,0.955,0.916,311802.6,159872,0.9881337648327939
2023-08-01,0.7,0.703,0.706,0.695,6016402.4,159873,0.9900426742532006
2023-08-01,0.659,0.662,0.662,0.653,57472559.1,159875,0.9879154078549849
2023-08-01,1.145,1.141,1.152,1.136,1870349.8,159876,1.0026292725679227
2023-08-01,0.738,0.737,0.741,0.729,2472293.8,159877,0.9891451831750339
2023-08-01,1.09,1.079,1.09,1.07,6718512.3,159880,0.9981464318813716
2023-08-01,1.042,1.041,1.051,1.037,35442082.0,159881,1.0048030739673393
2023-08-01,0.589,0.592,0.595,0.585,74038359.785,159883,0.9898648648648648
2023-08-01,0.73,0.73,0.737,0.723,4195165.25,159885,0.9904109589041096
2023-08-01,0.954,0.95,0.954,0.935,11458120.9,159886,0.9842105263157895
2023-08-01,0.955,0.956,0.96,0.949,49928412.0,159887,0.9947698744769874
2023-08-01,1.014,1.023,1.027,1.014,35897268.3,159888,0.9941348973607038
2023-08-01,0.902,0.902,0.903,0.891,2401972.6,159889,0.9922394678492239
2023-08-01,1.123,1.125,1.146,1.111,17953168.7,159890,1.007111111111111
2023-08-01,0.558,0.557,0.56,0.551,1378248.6,159891,0.9910233393177738
2023-08-01,0.607,0.606,0.623,0.606,402331867.3,159892,1.004950495049505
2023-08-01,0.834,0.833,0.84,0.832,547480.0,159895,1.0024009603841537
2023-08-01,0.775,0.779,0.785,0.775,2680938.549,159896,1.0025673940949935
2023-08-01,0.604,0.606,0.606,0.596,25414343.1,159898,0.9834983498349835
2023-08-01,0.909,0.904,0.909,0.892,16652479.699,159899,0.9944690265486725
2023-08-01,2.97,2.96,2.973,2.935,93790494.6,159901,0.9918918918918919
2023-08-01,3.677,3.677,3.682,3.655,2701724.2,159902,0.9953766657601306
2023-08-01,1.321,1.321,1.321,1.309,5774450.1,159903,0.9924299772899319
2023-08-01,2.078,2.078,2.085,2.048,43061546.9,159905,0.9860442733397498
2023-08-01,0.972,0.972,0.975,0.966,2325486.4,159906,0.9948559670781892
2023-08-01,1.518,1.533,1.535,1.518,11110969.54,159907,0.9980430528375734
2023-08-01,2.029,2.03,2.04,2.014,5771795.1,159908,0.9921182266009853
2023-08-01,0.649,0.649,0.656,0.643,3142678.9,159909,1.0030816640986133
2023-08-01,2.205,2.211,2.225,2.197,1732353.0,159910,0.994572591587517
2023-08-01,1.51,1.517,1.519,1.505,370912.3,159912,0.992089650626236
2023-08-01,2.125,2.132,2.132,2.122,34425.4,159913,0.9953095684803
2023-08-01,2.18,2.182,2.192,2.163,809149878.335,159915,0.9917506874427132
2023-08-01,4.903,4.924,4.96,4.865,10823706.6,159916,0.9935012185215272
2023-08-01,1.87,1.875,1.877,1.867,6552.1,159918,1.0
2023-08-01,4.158,4.158,4.175,4.132,716893704.894,159919,0.9942279942279942
2023-08-01,1.189,1.187,1.199,1.178,504176699.4,159920,0.9932603201347936
2023-08-01,6.318,6.317,6.353,6.315,269384690.994,159922,1.001741332911192
2023-08-01,1.752,1.75,1.756,1.75,37851.4,159923,1.0011428571428571
2023-08-01,2.009,2.017,2.022,2.001,1712390.494,159925,0.9920674268715914
2023-08-01,1.0,1.0,1.004,0.985,209110853.27,159928,0.986
2023-08-01,1.532,1.533,1.544,1.519,79269149.9,159929,0.9921722113502935
2023-08-01,1.195,1.195,1.206,1.195,9032056.571,159930,1.005857740585774
2023-08-01,1.588,1.59,1.601,1.574,6487822.1,159931,0.9924528301886792
2023-08-01,2.385,2.394,2.403,2.367,71486.3,159933,0.9887218045112781
2023-08-01,4.377,4.364,4.385,4.377,65915921.235,159934,1.0038955087076078
2023-08-01,1.88,1.878,1.886,1.879,286237.0,159935,1.0005324813631524
2023-08-01,1.784,1.787,1.788,1.762,1079971.1,159936,0.9876888640179071
2023-08-01,4.414,4.404,4.427,4.414,624230104.226,159937,1.0045413260672118
2023-08-01,0.731,0.732,0.739,0.727,82341222.1,159938,0.9959016393442623
2023-08-01,0.588,0.587,0.592,0.583,36769968.876,159939,1.001703577512777
2023-08-01,1.009,1.011,1.02,1.0,14284210.3,159940,0.9930761622156282
2023-08-01,0.869,0.867,0.871,0.869,215675850.517,159941,1.0046136101499423
2023-08-01,1.153,1.153,1.153,1.143,2966787.569,159943,0.9921942758022548
2023-08-01,1.012,1.012,1.019,1.008,139838.0,159944,0.9970355731225296
2023-08-01,1.002,1.002,1.01,1.002,17525885.7,159945,1.0059880239520957
2023-08-01,2.409,2.409,2.418,2.384,7339178.3,159948,0.9896222498962225
2023-08-01,0.948,0.949,0.956,0.941,513709199.71,159949,0.9926238145416227
2023-08-01,1.325,1.326,1.33,1.313,69230178.2,159952,0.9901960784313725
2023-08-01,0.762,0.762,0.772,0.753,8063151.8,159954,0.989501312335958
2023-08-01,1.367,1.363,1.369,1.352,1733600.2,159956,0.9970652971386647
2023-08-01,1.444,1.431,1.444,1.417,3154853.7,159957,0.9902166317260657
2023-08-01,1.304,1.304,1.314,1.297,2506676.8,159958,0.9961656441717791
2023-08-01,1.424,1.429,1.428,1.421,16067309.2,159959,0.9958012596221134
2023-08-01,0.749,0.748,0.755,0.739,2634769.5,159960,0.9919786096256684
2023-08-01,1.765,1.763,1.765,1.749,11254.2,159961,0.9920589903573456
2023-08-01,1.411,1.411,1.418,1.4,187025.6,159964,0.9922041105598866
2023-08-01,1.37,1.375,1.375,1.36,259756.7,159965,0.9905454545454546
2023-08-01,0.489,0.489,0.491,0.486,6144250.8,159966,0.9938650306748467
2023-08-01,0.499,0.5,0.5,0.494,124619419.1,159967,0.99
2023-08-01,7.219,7.219,7.251,7.163,8019744.312,159968,1.001108186729464
2023-08-01,1.268,1.268,1.27,1.258,430928.9,159969,0.9921135646687697
2023-08-01,5.013,5.037,5.017,4.98,69037.4,159970,0.9886837403216201
2023-08-01,1.529,1.528,1.534,1.49,1373987.8,159971,0.9901832460732983
2023-08-01,115.298,115.284,115.298,115.264,51194654.9,159972,1.0000954165365532
2023-08-01,1.373,1.373,1.377,1.368,22166.0,159973,0.9963583394027677
2023-08-01,1.538,1.544,1.545,1.534,33383864.7,159974,0.9948186528497409
2023-08-01,0.595,0.597,0.597,0.591,8319690.9,159975,0.9899497487437185
2023-08-01,1.04,1.043,1.046,1.035,2352435.343,159976,0.9923298178331735
2023-08-01,2.277,2.28,2.29,2.26,26099727.5,159977,0.9916666666666668
2023-08-01,1.592,1.584,1.601,1.59,34541069.7,159980,1.0056818181818181
2023-08-01,1.585,1.574,1.604,1.583,21884059.4,159981,1.0184243964421855
2023-08-01,1.48,1.48,1.487,1.479,4959705.9,159982,1.0006756756756758
2023-08-01,1.151,1.151,1.152,1.141,103680.4,159983,0.9921807124239791
2023-08-01,2.159,2.151,2.177,2.159,70906506.1,159985,1.00557880055788
2023-08-01,1.444,1.451,1.45,1.443,1181092.9,159987,0.994486560992419
2023-08-01,1.308,1.301,1.308,1.298,2413663.3,159990,0.997694081475788
2023-08-01,0.459,0.46,0.463,0.456,3586046.3,159991,0.9913043478260869
2023-08-01,0.84,0.842,0.852,0.835,360105806.984,159992,0.994061757719715
2023-08-01,1.063,1.076,1.089,1.06,73733556.094,159993,0.9916356877323419
2023-08-01,0.834,0.834,0.851,0.825,36921058.326,159994,1.013189448441247
2023-08-01,1.048,1.047,1.05,1.04,404191587.655,159995,0.9961795606494747
2023-08-01,1.163,1.163,1.166,1.151,80337673.7,159996,0.990541702493551
2023-08-01,0.983,0.981,0.994,0.978,34166816.7,159997,1.0081549439347604
2023-08-01,0.96,0.962,0.969,0.949,82160127.3,159998,0.9968814968814969
2023-08-01,1.499,1.501,1.499,1.479,24656.0,510010,0.9906728847435045
2023-08-01,2.938,2.938,2.942,2.9,4124020.0,510020,0.9870660313138189
2023-08-01,0.875,0.871,0.875,0.864,2670935.0,510030,0.9931113662456946
2023-08-01,2.727,2.731,2.75,2.717,1255486205.0,510050,0.9959721713658002
2023-08-01,2.164,2.174,2.178,2.151,8808934.0,510060,0.9921803127874885
2023-08-01,2.42,2.413,2.42,2.403,3369.0,510090,0.9958557811852466
2023-08-01,1.362,1.367,1.376,1.359,113730972.0,510100,0.9956108266276518
2023-08-01,5.71,5.712,5.71,5.676,408696.0,510130,0.9938725490196079
2023-08-01,0.596,0.597,0.601,0.591,45570387.0,510150,0.9916247906197655
2023-08-01,0.783,0.783,0.786,0.778,66504.0,510160,0.9936143039591315
2023-08-01,0.848,0.848,0.853,0.846,622958.0,510170,1.0023584905660377
2023-08-01,3.649,3.651,3.668,3.635,92085915.0,510180,0.996439331689948
2023-08-01,3.669,3.656,3.673,3.642,4415364.0,510190,0.9961706783369803
2023-08-01,1.16,1.171,1.19,1.143,14753241.0,510200,0.9948761742100769
2023-08-01,0.91,0.912,0.916,0.91,79194010.0,510210,0.9989035087719298
2023-08-01,1.078,1.084,1.09,1.072,57415450.0,510230,0.9916974169741697
2023-08-01,1.304,1.307,1.313,1.301,715796.0,510270,0.9961744452945678
2023-08-01,2.037,2.042,2.045,2.036,124766.0,510290,0.9980411361410382
2023-08-01,4.08,4.084,4.105,4.06,2872964463.0,510300,0.9943682664054849
2023-08-01,1.945,1.949,1.959,1.938,594454981.0,510310,0.9943560800410466
2023-08-01,4.083,4.088,4.109,4.066,433952798.0,510330,0.9948630136986302
2023-08-01,4.298,4.298,4.313,4.271,13360467.0,510350,0.9941833410888785
2023-08-01,1.45,1.449,1.455,1.44,19464331.0,510360,0.9937888198757763
2023-08-01,0.875,0.875,0.875,0.865,409291.0,510370,0.9908571428571429
2023-08-01,1.118,1.124,1.122,1.118,2352.0,510380,0.9973309608540925
2023-08-01,4.221,4.225,4.24,4.197,6621073.0,510390,0.9938461538461539
2023-08-01,1.145,1.134,1.145,1.132,18192650.0,510410,1.0035273368606703
2023-08-01,6.196,6.196,6.226,6.19,649644195.0,510500,1.000806972240155
2023-08-01,1.863,1.865,1.875,1.863,47050157.0,510510,1.001608579088472
2023-08-01,6.327,6.322,6.349,6.322,1997418.0,510530,1.0009490667510281
2023-08-01,1.516,1.516,1.517,1.516,40479.0,510550,1.0
2023-08-01,1.377,1.377,1.382,1.377,209866.0,510560,1.0021786492374727
2023-08-01,0.928,0.922,0.93,0.928,3067.0,510570,1.0086767895878526
2023-08-01,0.737,0.738,0.741,0.736,19996652.0,510580,1.0
2023-08-01,6.357,6.354,6.38,6.346,2534557.0,510590,0.9998426188227887
2023-08-01,3.323,3.318,3.333,3.3,3260879.0,510600,0.9972875226039783
2023-08-01,1.125,1.127,1.13,1.109,15767471.0,510630,0.9840283939662822
2023-08-01,2.192,2.215,2.226,2.192,11767708.0,510650,0.9914221218961626
2023-08-01,2.493,2.493,2.513,2.472,5472039.0,510660,0.9955876454071402
2023-08-01,2.658,2.671,2.687,2.655,1639543.0,510680,0.9966304754773494
2023-08-01,3.506,3.506,3.525,3.473,7647074.0,510710,0.9951511694238449
2023-08-01,1.107,1.109,1.113,1.103,23193806.0,510760,0.9990982867448153
2023-08-01,0.686,0.686,0.686,0.685,33017.0,510770,0.9985422740524781
2023-08-01,1.175,1.178,1.186,1.171,9012643.0,510800,0.9966044142614601
2023-08-01,0.869,0.871,0.872,0.865,11179253.0,510810,0.9942594718714122
2023-08-01,2.93,2.944,2.963,2.929,4829589.0,510850,0.9959239130434783
2023-08-01,3.105,3.106,3.125,3.096,281787592.0,510880,0.9996780424983902
2023-08-01,0.869,0.868,0.878,0.858,544398139.0,510900,0.9907834101382489
2023-08-01,0.874,0.873,0.875,0.867,9172229.0,510990,0.993127147766323
2023-08-01,131.73,131.727,131.88,131.73,327275310.0,511010,1.0009565237195108
2023-08-01,109.661,109.612,109.728,109.65,126132102.0,511020,1.000957924314856
2023-08-01,10.306,10.307,10.306,10.302,318721242.0,511030,0.9996119142330455
2023-08-01,102.995,102.995,103.122,102.995,8171735.0,511060,1.000767027525608
2023-08-01,101.519,101.51,101.684,101.519,114067733.0,511090,1.0014678356812137
2023-08-01,10.799,10.804,10.803,10.771,249984982.0,511180,0.9970381340244354
2023-08-01,9.895,9.896,9.895,9.891,6414122.0,511220,0.9997978981406628
2023-08-01,122.506,122.454,122.601,122.475,74494334.0,511260,1.000947294494259
2023-08-01,109.472,109.472,109.625,109.472,21407454.0,511270,1.001169248757673
2023-08-01,107.713,107.677,107.713,107.685,4954527018.0,511360,1.0002414628936542
2023-08-01,11.541,11.546,11.55,11.51,678900974.0,511380,0.9968820370691149
2023-08-01,102.75,102.69,102.83,102.75,4463038728.0,511520,1.0011880416788392
2023-08-01,102.835,102.834,102.903,102.835,208525755.0,511580,1.0003500787677229
2023-08-01,0.96,0.974,0.989,0.959,1045317774.0,512000,0.9938398357289527
2023-08-01,0.436,0.437,0.442,0.434,754750514.0,512010,0.9954233409610984
2023-08-01,1.919,1.919,1.919,1.909,15566973.0,512040,0.9947889525794684
2023-08-01,0.699,0.706,0.714,0.695,327660687.0,512070,0.9886685552407932
2023-08-01,1.54,1.542,1.548,1.534,6575115.0,512090,0.9954604409857327
2023-08-01,2.621,2.62,2.627,2.609,743534739.0,512100,0.998854961832061
2023-08-01,0.479,0.481,0.485,0.476,13488105.0,512120,0.9916839916839917
2023-08-01,1.576,1.577,1.576,1.559,1998909.0,512150,0.9885859226379201
2023-08-01,1.176,1.18,1.185,1.173,3464729.0,512160,0.9940677966101695
2023-08-01,0.43,0.43,0.436,0.428,533897448.0,512170,0.9976744186046511
2023-08-01,1.425,1.424,1.438,1.422,266701.0,512180,0.9985955056179775
2023-08-01,1.799,1.815,1.8,1.785,112330.0,512190,0.9917355371900827
2023-08-01,0.701,0.705,0.712,0.691,257394983.0,512200,0.9900709219858156
2023-08-01,1.561,1.561,1.571,1.549,7940175.0,512220,1.0006406149903908
2023-08-01,1.619,1.619,1.629,1.618,741157.0,512260,1.0018529956763436
2023-08-01,1.49,1.489,1.493,1.486,762839.0,512280,0.9979852249832102
2023-08-01,1.137,1.135,1.15,1.127,157514937.0,512290,0.9973568281938325
2023-08-01,0.906,0.906,0.906,0.906,91.0,512320,1.0
2023-08-01,0.949,0.947,0.958,0.945,1607653.0,512330,1.0052798310454065
2023-08-01,1.585,1.531,1.585,1.51,774.0,512360,0.9967341606792947
2023-08-01,1.33,1.333,1.337,1.326,15884190.0,512380,0.994748687171793
2023-08-01,1.245,1.251,1.248,1.245,18949.0,512390,0.9960031974420465
2023-08-01,1.089,1.088,1.098,1.081,239016094.0,512400,1.0009191176470587
2023-08-01,0.887,0.888,0.891,0.883,885015951.0,512480,0.9977477477477478
2023-08-01,3.284,3.288,3.306,3.284,145672767.0,512500,1.0012165450121655
2023-08-01,1.646,1.648,1.658,1.643,5492095.0,512510,1.0012135922330097
2023-08-01,1.198,1.197,1.201,1.192,715206.0,512520,0.9966583124477861
2023-08-01,1.314,1.315,1.32,1.307,2046019.0,512530,0.993916349809886
2023-08-01,1.441,1.448,1.458,1.439,12172297.0,512550,0.9951657458563536
2023-08-01,0.644,0.644,0.647,0.641,29993143.0,512560,1.0031055900621118
2023-08-01,0.996,1.009,1.024,0.994,24123795.0,512570,0.9960356788899901
2023-08-01,1.212,1.216,1.217,1.204,16617667.0,512580,0.9909539473684211
2023-08-01,0.845,0.846,0.849,0.834,19638987.0,512600,0.9858156028368794
2023-08-01,1.977,1.996,2.003,1.971,7350900.0,512640,0.9904809619238477
2023-08-01,1.023,1.026,1.027,1.016,7080992.0,512650,0.9922027290448343
2023-08-01,1.077,1.078,1.083,1.074,321580032.0,512660,1.0
2023-08-01,0.781,0.782,0.789,0.78,114735837.0,512670,1.0063938618925832
2023-08-01,1.105,1.105,1.111,1.102,62463416.0,512680,1.002714932126697
2023-08-01,0.848,0.852,0.861,0.838,677879678.0,512690,0.9870892018779343
2023-08-01,1.232,1.238,1.243,1.229,104371504.0,512700,0.9943457189014541
2023-08-01,0.672,0.673,0.678,0.671,126397001.0,512710,1.0029717682020802
2023-08-01,1.265,1.265,1.269,1.245,94775435.0,512720,0.9920948616600791
2023-08-01,1.203,1.203,1.205,1.193,7594217.0,512730,0.9925187032418952
2023-08-01,1.25,1.247,1.253,1.239,8907608.0,512750,0.9935846030473136
2023-08-01,1.007,1.007,1.011,1.001,326411982.0,512760,0.9990069513406158
2023-08-01,1.449,1.449,1.45,1.438,262614.0,512770,0.9924085576259488
2023-08-01,1.165,1.168,1.172,1.159,219821939.0,512800,0.9931506849315068
2023-08-01,1.217,1.216,1.223,1.213,56131168.0,512810,1.002467105263158
2023-08-01,1.179,1.185,1.186,1.176,48121184.0,512820,0.9949367088607595
2023-08-01,1.389,1.394,1.389,1.375,3445.0,512870,0.9863701578192253
2023-08-01,1.001,1.013,1.032,1.001,2020053052.0,512880,0.998025666337611
2023-08-01,0.969,0.969,0.976,0.967,40716515.0,512890,1.001031991744066
2023-08-01,1.0,1.007,1.025,0.996,62842457.0,512900,0.9990069513406158
2023-08-01,1.169,1.172,1.177,1.165,21358738.0,512910,0.9948805460750854
2023-08-01,1.327,1.323,1.335,1.308,11457170.0,512930,1.00151171579743
2023-08-01,1.338,1.337,1.338,1.329,64766117.0,512950,0.9955123410620793
2023-08-01,1.296,1.29,1.296,1.286,40290184.0,512960,0.9968992248062015
2023-08-01,1.189,1.185,1.195,1.182,21834.0,512970,0.9974683544303796
2023-08-01,0.824,0.831,0.833,0.817,128393276.0,512980,0.9927797833935018
2023-08-01,1.586,1.587,1.593,1.579,3187656.0,512990,0.9949590422180214
2023-08-01,1.279,1.275,1.28,1.274,18323100.0,513000,1.0031372549019608
2023-08-01,0.632,0.631,0.645,0.626,502006060.0,513010,0.9952456418383518
2023-08-01,0.864,0.863,0.878,0.854,91868901.0,513020,0.9930475086906141
2023-08-01,1.271,1.271,1.273,1.27,14005212.0,513030,1.0007867820613692
2023-08-01,1.133,1.128,1.151,1.116,10894828.0,513040,0.9920212765957448
2023-08-01,1.125,1.118,1.139,1.111,1409596347.0,513050,0.9955277280858675
2023-08-01,0.524,0.525,0.538,0.523,1801243275.0,513060,0.9980952380952381
2023-08-01,1.094,1.091,1.109,1.079,41662298.0,513070,0.992667277726856
2023-08-01,1.55,1.548,1.552,1.548,6811132.0,513080,1.0
2023-08-01,1.227,1.228,1.24,1.209,982209799.0,513090,0.986156351791531
2023-08-01,1.151,1.149,1.155,1.151,252882793.0,513100,1.0034812880765884
2023-08-01,1.309,1.307,1.314,1.309,53654612.0,513110,1.0038255547054324
2023-08-01,0.855,0.854,0.882,0.853,1106649572.0,513120,1.0011709601873535
2023-08-01,0.62,0.619,0.632,0.613,2099533540.0,513130,0.9935379644588045
2023-08-01,1.048,1.048,1.051,1.036,2587039.0,513140,0.989503816793893
2023-08-01,0.889,0.887,0.902,0.878,22107897.0,513150,0.9932356257046223
2023-08-01,0.838,0.836,0.846,0.824,71002093.0,513160,0.9880382775119617
2023-08-01,0.622,0.62,0.633,0.614,2668345497.0,513180,0.9935483870967742
2023-08-01,0.909,0.909,0.932,0.907,174002522.0,513200,1.0022002200220022
2023-08-01,1.011,1.01,1.027,1.001,25677741.0,513220,0.993069306930693
2023-08-01,0.876,0.872,0.882,0.86,4548382.0,513230,0.9896788990825688
2023-08-01,1.182,1.177,1.201,1.167,64853114.0,513260,0.995751911639762
2023-08-01,0.862,0.862,0.886,0.861,18014643.0,513280,1.0011600928074247
2023-08-01,1.074,1.075,1.079,1.074,3847372.0,513290,1.0027906976744188
2023-08-01,1.448,1.446,1.451,1.441,157384849.0,513300,0.996542185338866
2023-08-01,1.232,1.233,1.238,1.225,34344550.0,513310,1.0024330900243308
2023-08-01,1.071,1.068,1.085,1.058,71369179.0,513320,0.9925093632958801
2023-08-01,0.476,0.472,0.483,0.47,2851710387.0,513330,1.0
2023-08-01,0.606,0.611,0.613,0.6,124202457.0,513360,0.9934533551554828
2023-08-01,1.139,1.134,1.156,1.123,201357824.0,513380,0.9938271604938272
2023-08-01,1.26,1.26,1.267,1.26,10346289.0,513390,1.003968253968254
2023-08-01,1.546,1.539,1.55,1.545,131857687.0,513500,1.0071474983755686
2023-08-01,1.262,1.262,1.267,1.261,34918208.0,513520,1.0039619651347067
2023-08-01,1.178,1.179,1.181,1.162,13327524.0,513530,0.9881255301102629
2023-08-01,0.853,0.854,0.862,0.845,119611878.0,513550,0.9918032786885246
2023-08-01,1.018,1.021,1.035,1.011,21925346.0,513560,0.9931439764936338
2023-08-01,0.625,0.624,0.637,0.618,254375143.0,513580,0.9951923076923077
2023-08-01,0.789,0.787,0.796,0.776,1939094.0,513590,0.9923761118170267
2023-08-01,2.244,2.245,2.265,2.224,45039704.0,513600,0.9919821826280623
2023-08-01,1.18,1.178,1.187,1.18,3681880.0,513650,1.005942275042445
2023-08-01,2.306,2.307,2.327,2.283,127547389.0,513660,0.9921976592977895
2023-08-01,0.805,0.803,0.809,0.794,30310535.0,513690,0.9912826899128269
2023-08-01,0.551,0.551,0.566,0.55,100574180.0,513700,1.0
2023-08-01,0.874,0.868,0.886,0.858,341967308.0,513770,0.9930875576036866
2023-08-01,1.254,1.256,1.259,1.253,1349276.0,513800,1.0015923566878981
2023-08-01,0.563,0.56,0.568,0.553,34315594.0,513860,0.9910714285714286
2023-08-01,1.215,1.214,1.217,1.212,8263949.0,513880,1.0008237232289952
2023-08-01,0.903,0.902,0.92,0.894,82845818.0,513890,0.9933481152993348
2023-08-01,0.894,0.894,0.901,0.886,36307235.0,513900,0.9932885906040269
2023-08-01,1.051,1.051,1.055,1.044,22053502.0,513950,0.994291151284491
2023-08-01,1.276,1.276,1.293,1.26,50461458.0,513960,0.9905956112852664
2023-08-01,0.969,0.968,0.977,0.956,18219828.0,513970,0.9907024793388429
2023-08-01,0.567,0.561,0.571,0.553,415462520.0,513980,0.9893048128342246
2023-08-01,0.884,0.884,0.89,0.875,1493216.0,513990,0.9909502262443439
2023-08-01,1.293,1.292,1.3,1.283,59901312.0,515000,1.0
2023-08-01,1.15,1.157,1.175,1.136,33929125.0,515010,0.9956784788245462
2023-08-01,1.227,1.227,1.228,1.215,24301926.0,515020,0.9918500407497962
2023-08-01,1.536,1.54,1.542,1.523,175404202.0,515030,0.9896103896103896
2023-08-01,1.012,1.014,1.033,1.004,65270180.0,515050,1.0108481262327416
2023-08-01,0.906,0.907,0.916,0.893,108647005.0,515060,0.990077177508269
2023-08-01,1.11,1.115,1.125,1.1,40757592.0,515070,1.0
2023-08-01,1.523,1.523,1.531,1.519,84838437.0,515080,0.9986868023637557
2023-08-01,1.211,1.208,1.213,1.201,8553788.0,515090,0.9950331125827815
2023-08-01,1.853,1.855,1.863,1.845,24797999.0,515100,0.997843665768194
2023-08-01,1.322,1.33,1.333,1.322,33002082.0,515110,0.9969924812030075
2023-08-01,0.625,0.627,0.636,0.623,151234595.0,515120,0.9952153110047847
2023-08-01,1.228,1.233,1.239,1.222,12692295.0,515130,0.9927007299270072
2023-08-01,1.291,1.285,1.291,1.281,3942192.0,515150,0.9976653696498056
2023-08-01,1.279,1.279,1.283,1.272,5209019.0,515160,0.9953088350273651
2023-08-01,0.735,0.736,0.743,0.727,84835807.0,515170,0.9877717391304348
2023-08-01,1.368,1.37,1.376,1.365,35503328.0,515180,0.9978102189781021
2023-08-01,1.22,1.234,1.236,1.22,5676.0,515190,1.0016207455429498
2023-08-01,1.73,1.713,1.73,1.696,1290470.0,515200,0.9929947460595446
2023-08-01,1.357,1.358,1.414,1.357,107938569.0,515210,1.019882179675994
2023-08-01,2.128,2.124,2.144,2.121,80873800.0,515220,1.0056497175141244
2023-08-01,0.945,0.945,0.952,0.934,140232677.0,515230,0.9968253968253968
2023-08-01,0.922,0.921,0.923,0.91,71096547.0,515250,0.992399565689468
2023-08-01,0.766,0.766,0.771,0.759,12397743.0,515260,1.0
2023-08-01,1.202,1.202,1.205,1.194,17011741.0,515280,0.9941763727121465
2023-08-01,1.037,1.038,1.042,1.031,61445894.0,515290,0.9942196531791907
2023-08-01,1.427,1.426,1.43,1.418,16180109.0,515300,0.9950911640953718
2023-08-01,1.141,1.141,1.146,1.134,9439009.0,515310,0.9947414548641542
2023-08-01,0.73,0.733,0.74,0.727,16295341.0,515320,1.005457025920873
2023-08-01,1.094,1.093,1.099,1.087,2586336.0,515330,0.9954254345837147
2023-08-01,5.036,5.052,5.066,5.02,2641297.0,515350,0.9936658749010293
2023-08-01,5.25,5.25,5.267,5.215,42920.0,515360,0.9935238095238096
2023-08-01,4.362,4.356,4.41,4.329,121191320.0,515380,0.9940312213039486
2023-08-01,1.105,1.108,1.112,1.1,21065901.0,515390,0.993682310469314
2023-08-01,0.93,0.935,0.944,0.92,81066298.0,515400,0.9989304812834224
2023-08-01,1.423,1.424,1.429,1.418,31765759.0,515450,0.9971910112359551
2023-08-01,3.219,3.219,3.236,3.219,9605056.0,515530,1.0015532774153464
2023-08-01,1.31,1.31,1.31,1.31,26200.0,515550,1.0
2023-08-01,0.92,0.92,0.936,0.911,15215207.0,515560,0.9978260869565218
2023-08-01,1.226,1.23,1.24,1.226,53638.0,515570,1.0073170731707317
2023-08-01,0.814,0.812,0.815,0.808,12460403.0,515580,0.9987684729064039
2023-08-01,1.495,1.494,1.495,1.495,448500.0,515590,1.000669344042838
2023-08-01,1.44,1.439,1.443,1.433,29015016.0,515600,0.9986101459346769
2023-08-01,1.145,1.169,1.176,1.145,14234895.0,515630,0.9846022241231822
2023-08-01,1.246,1.246,1.252,1.228,106867607.0,515650,0.9863563402889246
2023-08-01,4.655,4.666,4.67,4.63,132848.0,515660,0.993356193741963
2023-08-01,1.029,1.03,1.033,1.024,4545567.0,515670,0.9951456310679611
2023-08-01,1.452,1.455,1.46,1.451,26489258.0,515680,0.9972508591065292
2023-08-01,2.013,2.014,2.019,1.998,153366421.0,515700,0.99304865938431
2023-08-01,0.767,0.771,0.776,0.76,21715638.0,515710,0.9857328145265888
2023-08-01,1.328,1.328,1.331,1.318,10477566.0,515750,0.9954819277108433
2023-08-01,1.138,1.145,1.143,1.137,1006832.0,515760,0.9930131004366812
2023-08-01,1.176,1.174,1.179,1.17,7395996.0,515770,0.9965928449744463
2023-08-01,1.35,1.347,1.352,1.344,185001.0,515780,0.9977728285077951
2023-08-01,1.175,1.178,1.177,1.153,457810035.0,515790,0.9796264855687606
2023-08-01,1.135,1.135,1.141,1.131,49993805.0,515800,0.9964757709251101
2023-08-01,1.249,1.246,1.252,1.241,9558205.0,515810,0.9959871589085073
2023-08-01,1.229,1.241,1.257,1.22,25090890.0,515850,0.9943593875906526
2023-08-01,1.213,1.217,1.227,1.211,3339951.0,515860,0.9991783073130648
2023-08-01,1.17,1.178,1.207,1.164,210966584.0,515880,1.0178268251273346
2023-08-01,1.339,1.339,1.345,1.335,8347845.0,515890,0.9985063480209111
2023-08-01,1.447,1.446,1.448,1.437,57698271.0,515900,0.9951590594744122
2023-08-01,0.623,0.623,0.628,0.618,9862259.0,515910,0.9935794542536116
2023-08-01,0.775,0.773,0.775,0.768,10084836.0,515920,0.9961190168175937
2023-08-01,1.158,1.159,1.17,1.15,27956673.0,515950,0.9930974978429681
2023-08-01,0.86,0.86,0.865,0.853,6452267.0,515960,0.9930232558139535
2023-08-01,0.956,0.957,0.968,0.945,47555803.0,515980,1.0031347962382444
2023-08-01,1.318,1.317,1.319,1.312,7653942.0,515990,0.9962034927866363
2023-08-01,0.989,0.989,0.999,0.976,2518392.0,516000,1.0010111223458038
2023-08-01,1.192,1.205,1.215,1.181,125704411.0,516010,0.9975103734439833
2023-08-01,0.734,0.734,0.739,0.731,37275674.0,516020,0.9986376021798365
2023-08-01,0.667,0.667,0.671,0.662,8339069.0,516050,1.0
2023-08-01,0.573,0.577,0.583,0.573,3003753.0,516060,0.9948006932409013
2023-08-01,0.533,0.533,0.534,0.526,19330759.0,516070,0.9868667917448405
2023-08-01,0.622,0.623,0.631,0.618,5118316.0,516080,0.9967897271268058
2023-08-01,0.529,0.529,0.529,0.521,31308408.0,516090,0.9867674858223062
2023-08-01,0.961,0.966,0.964,0.939,3593398.0,516100,0.9886128364389234
2023-08-01,1.136,1.149,1.148,1.124,197785200.0,516110,0.9799825935596169
2023-08-01,0.745,0.745,0.749,0.74,20834887.0,516120,0.9946308724832215
2023-08-01,0.845,0.849,0.85,0.837,4381229.0,516130,0.9858657243816255
2023-08-01,1.104,1.104,1.107,1.1,52340844.0,516150,1.0009057971014492
2023-08-01,0.853,0.855,0.858,0.846,167694508.0,516160,0.991812865497076
2023-08-01,0.975,0.972,0.975,0.953,5564263.0,516180,0.9814814814814815
2023-08-01,1.096,1.093,1.098,1.08,4961759.0,516190,0.9945105215004575
2023-08-01,0.963,0.98,0.994,0.963,15425594.0,516200,0.9948979591836735
2023-08-01,0.995,0.996,0.998,0.989,6967994.0,516210,0.9929718875502008
2023-08-01,0.775,0.775,0.78,0.771,36175255.0,516220,0.9961290322580645
2023-08-01,0.805,0.807,0.811,0.801,401199.0,516260,1.0012391573729864
2023-08-01,0.65,0.649,0.65,0.639,8566308.0,516270,0.9861325115562404
2023-08-01,0.733,0.728,0.733,0.714,8129800.0,516290,0.9821428571428571
2023-08-01,1.06,1.059,1.061,1.056,18836718.0,516300,1.0
2023-08-01,0.945,0.945,0.946,0.936,17559413.0,516310,0.9915343915343916
2023-08-01,0.87,0.869,0.871,0.859,3435876.0,516320,0.9884925201380897
2023-08-01,0.965,0.97,0.977,0.965,791502.0,516330,1.0030927835051546
2023-08-01,0.71,0.709,0.714,0.707,9543510.0,516350,1.001410437235543
2023-08-01,0.905,0.903,0.906,0.896,2344586.0,516360,0.9933554817275747
2023-08-01,0.826,0.826,0.826,0.818,940721.0,516380,0.9903147699757869
2023-08-01,0.833,0.83,0.834,0.82,16445841.0,516390,0.9891566265060241
2023-08-01,0.784,0.787,0.791,0.784,70417.0,516480,0.9961880559085133
2023-08-01,0.698,0.698,0.706,0.692,3389611.0,516500,0.994269340974212
2023-08-01,1.1,1.108,1.124,1.089,116977629.0,516510,1.0054151624548737
2023-08-01,0.976,0.983,0.986,0.972,10348385.0,516520,0.9928789420142421
2023-08-01,0.88,0.88,0.888,0.88,1231544.0,516530,1.0011363636363637
2023-08-01,0.706,0.705,0.706,0.698,10147332.0,516550,0.9900709219858156
2023-08-01,0.856,0.856,0.857,0.848,1553218.0,516560,0.9906542056074766
2023-08-01,0.813,0.81,0.813,0.807,2863468.0,516570,0.9975308641975309
2023-08-01,0.661,0.661,0.662,0.653,6635090.0,516580,0.9878971255673222
2023-08-01,1.026,1.025,1.026,1.016,8723227.0,516590,0.9921951219512195
2023-08-01,0.646,0.645,0.646,0.637,7408400.0,516600,0.9875968992248062
2023-08-01,0.612,0.616,0.616,0.606,4631868.0,516610,0.9853896103896104
2023-08-01,1.055,1.056,1.056,1.043,7179033.0,516620,0.9914772727272726
2023-08-01,1.095,1.094,1.108,1.077,11549640.0,516630,1.0036563071297988
2023-08-01,0.656,0.657,0.66,0.654,28441160.0,516640,1.0
2023-08-01,1.043,1.038,1.049,1.034,1946855.0,516650,1.0038535645472062
2023-08-01,0.951,0.95,0.954,0.942,13335916.0,516660,0.9936842105263158
2023-08-01,0.788,0.786,0.788,0.778,22071882.0,516670,0.9910941475826972
2023-08-01,0.688,0.689,0.69,0.684,1601006.0,516690,0.995645863570392
2023-08-01,0.984,0.985,0.999,0.972,2087779.0,516700,1.0030456852791878
2023-08-01,0.65,0.65,0.653,0.646,1665888.0,516710,0.9938461538461538
2023-08-01,0.875,0.877,0.878,0.871,1801775.0,516720,0.9931584948688712
2023-08-01,0.899,0.906,0.912,0.886,15871194.0,516730,0.9867549668874173
2023-08-01,0.862,0.866,0.869,0.856,25126266.0,516750,0.9907621247113164
2023-08-01,0.768,0.768,0.769,0.759,7012520.0,516760,0.98828125
2023-08-01,1.211,1.212,1.224,1.19,19775285.0,516770,0.9991749174917492
2023-08-01,1.045,1.043,1.047,1.038,40539068.0,516780,1.0
2023-08-01,0.707,0.708,0.711,0.7,5870135.0,516790,0.9887005649717514
2023-08-01,1.026,1.025,1.031,1.017,2753379.0,516800,0.9970731707317074
2023-08-01,0.792,0.792,0.792,0.781,12288155.0,516810,0.986111111111111
2023-08-01,0.424,0.425,0.43,0.422,44007495.0,516820,0.9952941176470588
2023-08-01,0.81,0.818,0.822,0.81,6294930.0,516830,0.9951100244498777
2023-08-01,1.02,1.019,1.021,1.007,1322967.0,516850,0.9892051030421983
2023-08-01,0.995,1.007,1.007,0.993,12454629.0,516860,0.9890764647467727
2023-08-01,0.976,0.976,0.976,0.954,29767600.0,516880,0.9795081967213115
2023-08-01,0.679,0.673,0.68,0.675,522383.0,516890,1.0029717682020802
2023-08-01,0.797,0.797,0.803,0.787,10519633.0,516900,0.9874529485570891
2023-08-01,1.024,1.026,1.033,1.02,27904353.0,516910,0.9980506822612085
2023-08-01,0.639,0.639,0.643,0.637,6631925.0,516920,1.0031298904538342
2023-08-01,0.566,0.563,0.572,0.563,1668266.0,516930,1.0
2023-08-01,1.164,1.165,1.173,1.156,60242814.0,516950,0.9948497854077253
2023-08-01,0.914,0.914,0.914,0.9,6385606.0,516960,0.9857768052516411
2023-08-01,1.283,1.287,1.298,1.278,155347991.0,516970,0.9968919968919969
2023-08-01,0.979,1.007,1.017,0.979,5561480.0,516980,0.9910625620655413
2023-08-01,0.78,0.779,0.784,0.773,1477215.0,517000,0.9922978177150192
2023-08-01,0.876,0.878,0.881,0.876,298165.0,517010,0.9977220956719818
2023-08-01,0.904,0.896,0.904,0.889,1888962.0,517030,0.9933035714285714
2023-08-01,0.676,0.678,0.683,0.67,12719761.0,517050,0.9882005899705014
2023-08-01,0.783,0.784,0.788,0.778,4155876.0,517080,0.9936224489795918
2023-08-01,1.319,1.325,1.338,1.319,16112692.0,517090,1.0060377358490566
2023-08-01,0.786,0.786,0.792,0.781,1439860.0,517100,0.9936386768447837
2023-08-01,0.629,0.631,0.64,0.628,1938068.0,517110,0.9952456418383518
2023-08-01,0.581,0.582,0.59,0.577,8114512.0,517120,0.9948453608247423
2023-08-01,0.762,0.762,0.763,0.758,1468177.0,517160,0.994750656167979
2023-08-01,0.803,0.807,0.809,0.803,242935.0,517170,0.9962825278810409
2023-08-01,1.396,1.396,1.414,1.394,46304740.0,517180,1.0078796561604586
2023-08-01,0.636,0.634,0.64,0.627,2240620.0,517200,0.9889589905362776
2023-08-01,0.804,0.805,0.809,0.803,741904.0,517270,0.9975155279503105
2023-08-01,0.942,0.939,0.946,0.932,9559147.0,517280,0.9936102236421727
2023-08-01,0.74,0.741,0.746,0.734,1545512.0,517300,0.99055330634278
2023-08-01,0.766,0.769,0.768,0.763,302679.0,517330,0.9921976592977894
2023-08-01,0.637,0.641,0.644,0.636,345484.0,517350,0.9937597503900156
2023-08-01,0.822,0.823,0.826,0.819,2199854.0,517360,0.9951397326852977
2023-08-01,0.613,0.613,0.623,0.609,3627001.0,517380,0.9934747145187602
2023-08-01,0.97,0.972,0.985,0.966,2630185.0,517390,1.0041152263374487
2023-08-01,1.387,1.392,1.404,1.372,2541940.0,517500,1.0
2023-08-01,0.833,0.833,0.837,0.817,1714581.0,517550,0.9819927971188476
2023-08-01,0.869,0.872,0.876,0.869,4613108.0,517660,0.9977064220183486
2023-08-01,0.978,0.976,0.986,0.965,188365.0,517760,0.9887295081967213
2023-08-01,1.02,1.024,1.035,1.02,960206.0,517770,1.0009765625
2023-08-01,0.726,0.727,0.726,0.72,1011401.0,517800,0.9917469050894085
2023-08-01,0.905,0.905,0.907,0.899,641515.0,517850,0.9933701657458563
2023-08-01,0.866,0.876,0.879,0.864,5726969.0,517880,0.9863013698630136
2023-08-01,1.015,1.019,1.018,1.005,76380.0,517900,0.986261040235525
2023-08-01,0.913,0.909,0.916,0.913,1006.0,517960,1.0077007700770078
2023-08-01,0.942,0.94,0.955,0.933,2997597.0,517990,0.9925531914893618
2023-08-01,4.401,4.394,4.41,4.398,91555.0,518600,1.0020482476103776
2023-08-01,4.436,4.418,4.44,4.432,2606716.0,518660,1.0036215482118607
2023-08-01,4.411,4.404,4.439,4.411,9817270.0,518680,1.004995458673933
2023-08-01,4.367,4.356,4.377,4.367,107652679.0,518800,1.0041322314049586
2023-08-01,4.452,4.438,4.456,4.45,1903292.0,518850,1.0027039206849933
2023-08-01,4.426,4.437,4.487,4.426,9791.0,518860,1.0058598151904439
2023-08-01,4.423,4.409,4.43,4.423,197834010.0,518880,1.004536176003629
2023-08-01,4.44,4.448,4.47,4.44,735921.0,518890,1.003821942446043
2023-08-01,0.736,0.736,0.736,0.731,1642042.0,560000,0.9932065217391304
2023-08-01,2.61,2.609,2.616,2.599,734374282.0,560010,0.999233422767344
2023-08-01,1.063,1.074,1.078,1.063,5253154.0,560030,0.994413407821229
2023-08-01,0.813,0.813,0.815,0.806,152624295.0,560050,0.9926199261992621
2023-08-01,0.815,0.815,0.819,0.809,5385899.0,560060,0.9950920245398774
2023-08-01,1.04,1.043,1.054,1.04,49498279.0,560070,1.0019175455417066
2023-08-01,1.204,1.207,1.209,1.194,83142128.0,560080,0.9900579950289975
2023-08-01,1.111,1.114,1.12,1.086,76978055.0,560090,0.9883303411131058
2023-08-01,0.954,0.955,0.956,0.953,13530258.0,560100,0.9979057591623036
2023-08-01,0.935,0.936,0.939,0.933,53311894.0,560110,0.9989316239316239
2023-08-01,0.96,0.957,0.963,0.956,40602577.0,560170,1.0010449320794148
2023-08-01,0.992,0.995,0.998,0.987,11050421.0,560180,0.9919597989949749
2023-08-01,1.047,1.04,1.047,1.031,14456393.0,560330,0.9932692307692307
2023-08-01,0.866,0.866,0.867,0.863,3406157.0,560500,0.9965357967667436
2023-08-01,0.812,0.809,0.815,0.805,15622758.0,560550,0.9962917181705809
2023-08-01,0.689,0.692,0.691,0.683,6136842.0,560560,0.9884393063583816
2023-08-01,0.987,0.987,0.999,0.987,3504797.0,560580,1.011144883485309
2023-08-01,0.687,0.693,0.693,0.681,439672.0,560600,0.9841269841269843
2023-08-01,0.979,0.983,0.983,0.975,1793691.0,560650,0.9918616480162767
2023-08-01,1.01,1.003,1.022,0.995,1511725.0,560660,1.0119641076769692
2023-08-01,1.089,1.093,1.098,1.081,16074173.0,560680,0.9890210430009149
2023-08-01,1.043,1.043,1.053,1.043,57511108.0,560700,1.0019175455417066
2023-08-01,0.711,0.716,0.718,0.711,27642615.0,560800,0.9972067039106145
2023-08-01,0.912,0.911,0.919,0.906,7605671.0,560860,1.0021953896816684
2023-08-01,1.185,1.185,1.189,1.175,9984578.0,560880,0.9924050632911391
2023-08-01,0.902,0.903,0.913,0.896,3465002.0,560900,0.9944629014396457
2023-08-01,1.014,1.015,1.02,1.009,143379255.0,560950,1.000985221674877
2023-08-01,0.939,0.911,0.939,0.893,8903320.0,560960,0.991218441273326
2023-08-01,0.8,0.8,0.8,0.78,24794370.0,560980,0.9775
2023-08-01,0.891,0.895,0.894,0.888,14632084.0,560990,0.9921787709497206
2023-08-01,1.045,1.048,1.05,1.04,3842344.0,561000,0.9933206106870228
2023-08-01,0.749,0.749,0.759,0.747,10314911.0,561100,1.0106809078771695
2023-08-01,1.014,1.014,1.016,1.005,35868505.0,561120,0.9921104536489151
2023-08-01,0.815,0.815,0.817,0.808,12914221.0,561130,0.9914110429447854
2023-08-01,0.633,0.634,0.635,0.625,33804168.0,561160,0.9873817034700315
2023-08-01,1.025,1.025,1.04,1.024,18449916.0,561170,1.0146341463414634
2023-08-01,1.061,1.061,1.066,1.055,7021605.0,561180,0.995287464655985
2023-08-01,0.819,0.819,0.823,0.813,27388190.0,561190,0.9938949938949939
2023-08-01,0.789,0.79,0.794,0.785,29863464.0,561300,0.9949367088607595
2023-08-01,0.691,0.691,0.698,0.688,1432906.0,561310,1.0072358900144718
2023-08-01,0.962,0.967,0.975,0.962,7513576.0,561320,1.0
2023-08-01,1.05,1.039,1.052,1.037,13980508.0,561330,1.0048123195380174
2023-08-01,0.909,0.909,0.913,0.909,52967906.0,561350,1.0
2023-08-01,0.767,0.77,0.771,0.762,1985804.0,561500,0.9896103896103896
2023-08-01,1.175,1.175,1.176,1.162,19630676.0,561510,0.9906382978723404
2023-08-01,0.907,0.906,0.912,0.907,25424653.0,561550,1.0033112582781456
2023-08-01,1.115,1.112,1.129,1.111,57614118.0,561560,1.0134892086330933
2023-08-01,1.053,1.053,1.063,1.05,63053365.0,561580,1.0
2023-08-01,0.997,1.0,1.0,0.994,19617413.0,561590,0.996
2023-08-01,0.736,0.736,0.742,0.731,1789040.0,561600,1.0040760869565217
2023-08-01,0.98,0.982,0.994,0.98,18250348.0,561700,1.010183299389002
2023-08-01,0.786,0.786,0.795,0.781,4748395.0,561710,0.9974554707379135
2023-08-01,0.667,0.667,0.67,0.662,1254272.0,561800,1.0014992503748126
2023-08-01,0.829,0.83,0.831,0.823,8542538.0,561900,0.9939759036144579
2023-08-01,0.619,0.621,0.623,0.613,30051904.0,561910,0.9887278582930756
2023-08-01,0.869,0.877,0.888,0.869,1186005.0,561920,0.9954389965792474
2023-08-01,0.955,0.956,0.96,0.955,4650200.0,561950,1.0
2023-08-01,1.041,1.044,1.054,1.039,13343299.0,561960,1.0019157088122606
2023-08-01,0.846,0.849,0.856,0.845,62549477.0,561990,0.9952885747938751
2023-08-01,0.949,0.95,0.953,0.943,59183224.0,562000,0.9926315789473684
2023-08-01,0.907,0.907,0.907,0.895,866647.0,562010,0.9867695700110254
2023-08-01,0.699,0.699,0.699,0.691,2083311.0,562300,0.9885550786838341
2023-08-01,0.885,0.885,0.888,0.878,36832617.0,562310,0.9932203389830508
2023-08-01,1.105,1.11,1.115,1.101,12960391.0,562320,0.9927927927927928
2023-08-01,1.011,1.01,1.018,1.01,15757765.0,562330,1.002970297029703
2023-08-01,0.992,0.993,1.003,0.991,5419413.0,562350,1.0080563947633432
2023-08-01,0.925,0.925,0.925,0.91,7048843.0,562360,0.985945945945946
2023-08-01,0.971,0.972,0.978,0.971,51384267.0,562380,1.0
2023-08-01,1.104,1.116,1.108,1.095,9762465.0,562390,0.9820788530465949
2023-08-01,0.832,0.832,0.832,0.821,30973714.0,562500,0.9915865384615384
2023-08-01,0.968,0.968,0.974,0.954,57065181.0,562510,0.9855371900826446
2023-08-01,1.012,1.013,1.014,1.007,1597695.0,562520,0.998025666337611
2023-08-01,1.112,1.112,1.112,1.107,814989.0,562530,0.9982014388489209
2023-08-01,1.026,1.026,1.038,1.025,5573192.0,562550,1.0116959064327486
2023-08-01,0.619,0.618,0.62,0.613,48092663.0,562800,1.0
2023-08-01,0.83,0.83,0.838,0.82,12285511.0,562860,0.9939759036144579
2023-08-01,0.66,0.66,0.66,0.65,10850445.0,562880,0.9848484848484849
2023-08-01,0.872,0.871,0.872,0.858,15765756.0,562900,0.9873708381171068
2023-08-01,0.748,0.748,0.748,0.739,3509795.0,562910,0.9879679144385026
2023-08-01,0.953,0.958,0.969,0.953,3664683.0,562920,1.0041753653444676
2023-08-01,0.952,0.958,0.962,0.946,3044736.0,562930,0.9947807933194155
2023-08-01,0.715,0.715,0.722,0.712,3704952.0,562950,1.0083916083916085
2023-08-01,1.028,1.028,1.04,1.028,1894773.0,562960,1.009727626459144
2023-08-01,0.819,0.819,0.823,0.814,17640042.0,562990,0.9938949938949939
2023-08-01,0.814,0.815,0.818,0.808,49364180.0,563000,0.9926380368098161
2023-08-01,0.992,0.993,1.0,0.985,1640109.0,563010,1.0040281973816718
2023-08-01,0.987,0.987,0.992,0.986,4601783.0,563030,1.0
2023-08-01,0.965,0.965,0.971,0.964,15203536.0,563050,1.0020725388601037
2023-08-01,1.016,1.015,1.016,1.01,1501023974.0,588000,0.9970443349753696
2023-08-01,0.783,0.782,0.787,0.778,17061061.0,588010,1.0038363171355498
2023-08-01,1.0,1.0,1.001,0.996,115113263.0,588050,0.998
2023-08-01,0.62,0.621,0.621,0.618,40865701.0,588060,0.9967793880837359
2023-08-01,0.993,0.993,0.994,0.99,396158052.0,588080,0.9979859013091641
2023-08-01,1.006,1.005,1.006,1.0,68899027.0,588090,0.9970149253731344
2023-08-01,1.113,1.113,1.117,1.106,32543161.0,588100,0.9991015274034143
2023-08-01,0.683,0.683,0.684,0.68,15238717.0,588150,0.9970717423133235
2023-08-01,0.788,0.787,0.794,0.782,13541752.0,588160,1.0038119440914866
2023-08-01,0.629,0.629,0.63,0.625,37711529.0,588180,0.9952305246422893
2023-08-01,1.196,1.194,1.197,1.184,232593803.0,588200,0.9932998324958124
2023-08-01,1.114,1.113,1.117,1.108,24073549.0,588260,1.0
2023-08-01,0.702,0.705,0.708,0.701,4854264.0,588280,0.9957446808510638
2023-08-01,1.171,1.164,1.171,1.158,70059161.0,588290,0.9982817869415808
2023-08-01,0.578,0.578,0.581,0.574,14215690.0,588300,0.9930795847750865
2023-08-01,0.632,0.642,0.645,0.632,19295.0,588310,0.9968847352024922
2023-08-01,0.887,0.894,0.897,0.887,334750.0,588320,0.9977628635346756
2023-08-01,0.573,0.574,0.576,0.569,18358188.0,588330,0.9930313588850174
2023-08-01,0.876,0.875,0.878,0.869,8094790.0,588350,0.9931428571428571
2023-08-01,0.603,0.603,0.605,0.597,28332490.0,588360,0.9917081260364843
2023-08-01,0.962,0.962,0.962,0.959,17624194.0,588370,0.9979209979209979
2023-08-01,0.578,0.578,0.581,0.574,58689303.0,588380,0.9948096885813149
2023-08-01,0.622,0.623,0.626,0.619,13500400.0,588390,0.9951845906902087
2023-08-01,0.577,0.577,0.578,0.572,42411493.0,588400,0.9913344887348353
2023-08-01,0.982,0.977,0.983,0.972,43930508.0,588460,0.9948822927328557
